"","Demo-I_AAGGAGTA","Demo-I_ACTGCATA","Demo-I_AGCGTAGC","Demo-I_AGGAGTCC","Demo-I_CAGCCTCG","Demo-I_CATGCCTA","Demo-I_CCTCTCTG","Demo-I_CTAAGCCT","Demo-I_CTAGTACG","Demo-I_GCGTAAGA","Demo-I_GCTCAGGA","Demo-I_GTAAGGAG","Demo-I_GTAGAGAG","Demo-I_TAGATCGC","Demo-I_TCCTCTAC","Demo-I_TCGCCTTA","Demo-I_TCTCTCCG","Demo-I_TTCTGCCT"
"RNY1-10021",0,0,0,0,0,0,0,0,0,0,0,0,0,0,0,0,0,0
"RNY1-10022",0,0,0,0,0,0,0,0,0,0,0,0,0,0,0,0,0,0
"RNY1-10036",0,0,0,0,0,0,0,0,0,0,0,0,0,0,0,0,0,0
"RNY1-10050",0,0,0,0,0,0,0,0,0,0,0,0,0,0,0,0,0,0
"RNY1-10070",0,0,0,0,0,0,0,0,0,0,0,0,0,0,0,0,0,0
"RNY1-10071",0,0,0,0,0,0,0,0,0,0,0,0,0,0,0,0,0,0
"RNY1-10082",0,0,0,0,0,0,0,0,0,0,0,0,0,0,0,0,0,0
"RNY1-10110",0,0,0,0,0,0,0,0,0,0,0,0,0,0,0,0,0,0
"RNY1-10148",0,0,0,0,0,0,0,0,0,0,0,0,0,0,0,0,0,0
"RNY1-10156",0,0,0,0,0,0,0,0,0,0,0,0,0,0,0,0,0,0
"RNY1-10170",0,0,0,0,0,0,0,0,0,0,0,0,0,0,0,0,0,0
"RNY1-10186",0,0,0,0,0,0,0,0,0,0,0,0,0,0,0,0,0,0
"RNY1-10187",0,0,0,0,0,0,0,0,0,0,0,0,0,0,0,0,0,0
"RNY1-10197",0,0,0,0,0,0,0,0,0,0,0,0,0,0,0,0,0,0
"RNY1-10220",0,0,0,0,0,0,0,0,0,0,0,0,0,0,0,0,0,0
"RNY1-10492",0,0,0,0,0,0,0,0,0,0,0,0,0,0,0,0,0,0
"RNY1-10533",0,0,0,0,0,0,0,0,0,0,0,0,0,0,0,0,0,0
"RNY1-10833",0,0,0,0,0,0,0,0,0,0,0,0,0,0,0,0,0,0
"RNY1-10955",0,0,0,0,0,0,0,0,0,0,0,0,0,0,0,0,0,0
"RNY1-10959",0,0,0,0,0,0,0,0,0,0,0,0,0,0,0,0,0,0
"RNY1-11073",0,0,0,0,0,0,0,0,0,0,0,0,0,0,0,0,0,0
"RNY1-11089",0,0,0,0,0,0,0,0,0,0,0,0,0,0,0,0,0,0
"RNY1-11091",0,0,0,0,0,0,0,0,0,0,0,0,0,0,0,0,0,0
"RNY1-11095",0,0,0,0,0,0,0,0,0,0,0,0,0,0,0,0,0,0
"RNY1-11126",0,0,0,0,0,0,0,0,0,0,0,0,0,0,0,0,0,0
"RNY1-11169",0,0,0,0,0,0,0,0,0,0,0,0,0,0,0,0,0,0
"RNY1-11349",0,0,0,0,0,0,0,0,0,0,0,0,0,0,0,0,0,0
"RNY1-11354",0,0,0,0,0,0,0,0,0,0,0,0,0,0,0,0,0,0
"RNY1-11370",0,0,0,0,0,0,0,0,0,0,0,0,0,0,0,0,0,0
"RNY1-11371",0,0,0,0,0,0,0,0,0,0,0,0,0,0,0,0,0,0
"RNY1-11373",0,0,0,0,0,0,0,0,0,0,0,0,0,0,0,0,0,0
"RNY1-11380",0,0,0,0,0,0,0,0,0,0,0,0,0,0,0,0,0,0
"RNY1-11387",0,0,0,0,0,0,0,0,0,0,0,0,0,0,0,0,0,0
"RNY1-11388",0,0,0,0,0,0,0,0,0,0,0,0,0,0,0,0,0,0
"RNY1-11395",0,0,0,0,0,0,0,0,0,0,0,0,0,0,0,0,0,0
"RNY1-11402",0,0,0,0,0,0,0,0,0,0,0,0,0,0,0,0,0,0
"RNY1-11581",0,0,0,0,0,0,0,0,0,0,0,0,0,0,0,0,0,0
"RNY1-11610",0,0,0,0,0,0,0,0,0,0,0,0,0,0,0,0,0,0
"RNY1-11613",0,0,0,0,0,0,0,0,0,0,0,0,0,0,0,0,0,0
"RNY1-11796",0,0,0,0,0,0,0,0,0,0,0,0,0,0,0,0,0,0
"RNY1-11820",0,0,0,0,0,0,0,0,0,0,0,0,0,0,0,0,0,0
"RNY1-11821",0,0,0,0,0,0,0,0,0,0,0,0,0,0,0,0,0,0
"RNY1-11892",0,0,0,0,0,0,0,0,0,0,0,0,0,0,0,0,0,0
"RNY1-11896",0,0,0,0,0,0,0,0,0,0,0,0,0,0,0,0,0,0
"RNY1-12137",0,0,0,0,0,0,0,0,0,0,0,0,0,0,0,0,0,0
"RNY1-12168",0,0,0,0,0,0,0,0,0,0,0,0,0,0,0,0,0,0
"RNY1-12169",0,0,0,0,0,0,0,0,0,0,0,0,0,0,0,0,0,0
"RNY1-12194",0,0,0,0,0,0,0,0,0,0,0,0,0,0,0,0,0,0
"RNY1-12200",0,0,0,0,0,0,0,0,0,0,0,0,0,0,0,0,0,0
"RNY1-12201",0,0,0,0,0,0,0,0,0,0,0,0,0,0,0,0,0,0
"RNY1-12211",0,0,0,0,0,0,0,0,0,0,0,0,0,0,0,0,0,0
"RNY1-12233",0,0,0,0,0,0,0,0,0,0,0,0,0,0,0,0,0,0
"RNY1-12302",0,0,0,0,0,0,0,0,0,0,0,0,0,0,0,0,0,0
"RNY1-1231",0,0,0,0,0,0,0,0,0,0,0,0,0,0,0,0,0,0
"RNY1-1243",0,0,0,0,0,0,0,0,0,0,0,0,0,0,0,0,0,0
"RNY1-12433",0,0,0,0,0,0,0,0,0,0,0,0,0,0,0,0,0,0
"RNY1-12434",0,0,0,0,0,0,0,0,0,0,0,0,0,0,0,0,0,0
"RNY1-12464",0,0,0,0,0,0,0,0,0,0,0,0,0,0,0,0,0,0
"RNY1-12473",0,0,0,0,0,0,0,0,0,0,0,0,0,0,0,0,0,0
"RNY1-12475",0,0,0,0,0,0,0,0,0,0,0,0,0,0,0,0,0,0
"RNY1-12481",0,0,0,0,0,0,0,0,0,0,0,0,0,0,0,0,0,0
"RNY1-12556",0,0,0,0,0,0,0,0,0,0,0,0,0,0,0,0,0,0
"RNY1-12564",0,0,0,0,0,0,0,0,0,0,0,0,0,0,0,0,0,0
"RNY1-12588",0,0,0,0,0,0,0,0,0,0,0,0,0,0,0,0,0,0
"RNY1-12712",0,0,0,0,0,0,0,0,0,0,0,0,0,0,0,0,0,0
"RNY1-12726",0,0,0,0,0,0,0,0,0,0,0,0,0,0,0,0,0,0
"RNY1-12733",0,0,0,0,0,0,0,0,0,0,0,0,0,0,0,0,0,0
"RNY1-12738",0,0,0,0,0,0,0,0,0,0,0,0,0,0,0,0,0,0
"RNY1-13010",0,0,0,0,0,0,0,0,0,0,0,0,0,0,0,0,0,0
"RNY1-13213",0,0,0,0,0,0,0,0,0,0,0,0,0,0,0,0,0,0
"RNY1-13240",0,0,0,0,0,0,0,0,0,0,0,0,0,0,0,0,0,0
"RNY1-13436",0,0,0,0,0,0,0,0,0,0,0,0,0,0,0,0,0,0
"RNY1-13770",0,0,0,0,0,0,0,0,0,0,0,0,0,0,0,0,0,0
"RNY1-13835",0,0,0,0,0,0,0,0,0,0,0,0,0,0,0,0,0,0
"RNY1-13972",0,0,0,0,0,0,0,0,0,0,0,0,0,0,0,0,0,0
"RNY1-14092",0,0,0,0,0,0,0,0,0,0,0,0,0,0,0,0,0,0
"RNY1-14093",0,0,0,0,0,0,0,0,0,0,0,0,0,0,0,0,0,0
"RNY1-14149",0,0,0,0,0,0,0,0,0,0,0,0,0,0,0,0,0,0
"RNY1-14187",0,0,0,0,0,0,0,0,0,0,0,0,0,0,0,0,0,0
"RNY1-14358",0,0,0,0,0,0,0,0,0,0,0,0,0,0,0,0,0,0
"RNY1-1437",0,0,0,0,0,0,0,0,0,0,0,0,0,0,0,0,0,0
"RNY1-14875",0,0,0,0,0,0,0,0,0,0,0,0,0,0,0,0,0,0
"RNY1-14883",0,0,0,0,0,0,0,0,0,0,0,0,0,0,0,0,0,0
"RNY1-14884",0,0,0,0,0,0,0,0,0,0,0,0,0,0,0,0,0,0
"RNY1-14890",0,0,0,0,0,0,0,0,0,0,0,0,0,0,0,0,0,0
"RNY1-14995",0,0,0,0,0,0,0,0,0,0,0,0,0,0,0,0,0,0
"RNY1-15002",0,0,0,0,0,0,0,0,0,0,0,0,0,0,0,0,0,0
"RNY1-15004",0,0,0,0,0,0,0,0,0,0,0,0,0,0,0,0,0,0
"RNY1-15019",0,0,0,0,0,0,0,0,0,0,0,0,0,0,0,0,0,0
"RNY1-15048",0,0,0,0,0,0,0,0,0,0,0,0,0,0,0,0,0,0
"RNY1-15049",0,0,0,0,0,0,0,0,0,0,0,0,0,0,0,0,0,0
"RNY1-15058",0,0,0,0,0,0,0,0,0,0,0,0,0,0,0,0,0,0
"RNY1-15073",0,0,0,0,0,0,0,0,0,0,0,0,0,0,0,0,0,0
"RNY1-15075",0,0,0,0,0,0,0,0,0,0,0,0,0,0,0,0,0,0
"RNY1-15093",0,0,0,0,0,0,0,0,0,0,0,0,0,0,0,0,0,0
"RNY1-15096",0,0,0,0,0,0,0,0,0,0,0,0,0,0,0,0,0,0
"RNY1-15097",0,0,0,0,0,0,0,0,0,0,0,0,0,0,0,0,0,0
"RNY1-15098",0,0,0,0,0,0,0,0,0,0,0,0,0,0,0,0,0,0
"RNY1-15099",0,0,0,0,0,0,0,0,0,0,0,0,0,0,0,0,0,0
"RNY1-15181",0,0,0,0,0,0,0,0,0,0,0,0,0,0,0,0,0,0
"RNY1-15288",0,0,0,0,0,0,0,0,0,0,0,0,0,0,0,0,0,0
"RNY1-15291",0,0,0,0,0,0,0,0,0,0,0,0,0,0,0,0,0,0
"RNY1-15295",0,0,0,0,0,0,0,0,0,0,0,0,0,0,0,0,0,0
"RNY1-15305",0,0,0,0,0,0,0,0,0,0,0,0,0,0,0,0,0,0
"RNY1-15318",0,0,0,0,0,0,0,0,0,0,0,0,0,0,0,0,0,0
"RNY1-15324",0,0,0,0,0,0,0,0,0,0,0,0,0,0,0,0,0,0
"RNY1-15338",0,0,0,0,0,0,0,0,0,0,0,0,0,0,0,0,0,0
"RNY1-15349",0,0,0,0,0,0,0,0,0,0,0,0,0,0,0,0,0,0
"RNY1-15774",0,0,0,0,0,0,0,0,0,0,0,0,0,0,0,0,0,0
"RNY1-16069",0,0,0,0,0,0,0,0,0,0,0,0,0,0,0,0,0,0
"RNY1-16070",0,0,0,0,0,0,0,0,0,0,0,0,0,0,0,0,0,0
"RNY1-16152",0,0,0,0,0,0,0,0,0,0,0,0,0,0,0,0,0,0
"RNY1-16173",0,0,0,0,0,0,0,0,0,0,0,0,0,0,0,0,0,0
"RNY1-16190",0,0,0,0,0,0,0,0,0,0,0,0,0,0,0,0,0,0
"RNY1-16426",0,0,0,0,0,0,0,0,0,0,0,0,0,0,0,0,0,0
"RNY1-16429",0,0,0,0,0,0,0,0,0,0,0,0,0,0,0,0,0,0
"RNY1-16436",0,0,0,0,0,0,0,0,0,0,0,0,0,0,0,0,0,0
"RNY1-16437",0,0,0,0,0,0,0,0,0,0,0,0,0,0,0,0,0,0
"RNY1-16447",0,0,0,0,0,0,0,0,0,0,0,0,0,0,0,0,0,0
"RNY1-16457",0,0,0,0,0,0,0,0,0,0,0,0,0,0,0,0,0,0
"RNY1-16463",0,0,0,0,0,0,0,0,0,0,0,0,0,0,0,0,0,0
"RNY1-16493",0,0,0,0,0,0,0,0,0,0,0,0,0,0,0,0,0,0
"RNY1-16496",0,0,0,0,0,0,0,0,0,0,0,0,0,0,0,0,0,0
"RNY1-16502",0,0,0,0,0,0,0,0,0,0,0,0,0,0,0,0,0,0
"RNY1-16681",0,0,0,0,0,0,0,0,0,0,0,0,0,0,0,0,0,0
"RNY1-16687",0,0,0,0,0,0,0,0,0,0,0,0,0,0,0,0,0,0
"RNY1-16707",0,0,0,0,0,0,0,0,0,0,0,0,0,0,0,0,0,0
"RNY1-16712",0,0,0,0,0,0,0,0,0,0,0,0,0,0,0,0,0,0
"RNY1-16713",0,0,0,0,0,0,0,0,0,0,0,0,0,0,0,0,0,0
"RNY1-16717",0,0,0,0,0,0,0,0,0,0,0,0,0,0,0,0,0,0
"RNY1-16744",0,0,0,0,0,0,0,0,0,0,0,0,0,0,0,0,0,0
"RNY1-16752",0,0,0,0,0,0,0,0,0,0,0,0,0,0,0,0,0,0
"RNY1-16754",0,0,0,0,0,0,0,0,0,0,0,0,0,0,0,0,0,0
"RNY1-16755",0,0,0,0,0,0,0,0,0,0,0,0,0,0,0,0,0,0
"RNY1-16756",0,0,0,0,0,0,0,0,0,0,0,0,0,0,0,0,0,0
"RNY1-16757",0,0,0,0,0,0,0,0,0,0,0,0,0,0,0,0,0,0
"RNY1-16758",0,0,0,0,0,0,0,0,0,0,0,0,0,0,0,0,0,0
"RNY1-16759",0,0,0,0,0,0,0,0,0,0,0,0,0,0,0,0,0,0
"RNY1-16761",0,0,0,0,0,0,0,0,0,0,0,0,0,0,0,0,0,0
"RNY1-16765",0,0,0,0,0,0,0,0,0,0,0,0,0,0,0,0,0,0
"RNY1-16815",0,0,0,0,0,0,0,0,0,0,0,0,0,0,0,0,0,0
"RNY1-16817",0,0,0,0,0,0,0,0,0,0,0,0,0,0,0,0,0,0
"RNY1-16896",0,0,0,0,0,0,0,0,0,0,0,0,0,0,0,0,0,0
"RNY1-16902",0,0,0,0,0,0,0,0,0,0,0,0,0,0,0,0,0,0
"RNY1-16903",0,0,0,0,0,0,0,0,0,0,0,0,0,0,0,0,0,0
"RNY1-16938",0,0,0,0,0,0,0,0,0,0,0,0,0,0,0,0,0,0
"RNY1-16964",0,0,0,0,0,0,0,0,0,0,0,0,0,0,0,0,0,0
"RNY1-16966",0,0,0,0,0,0,0,0,0,0,0,0,0,0,0,0,0,0
"RNY1-17005",0,0,0,0,0,0,0,0,0,0,0,0,0,0,0,0,0,0
"RNY1-17007",0,0,0,0,0,0,0,0,0,0,0,0,0,0,0,0,0,0
"RNY1-17025",0,0,0,0,0,0,0,0,0,0,0,0,0,0,0,0,0,0
"RNY1-17058",0,0,0,0,0,0,0,0,0,0,0,0,0,0,0,0,0,0
"RNY1-17395",0,0,0,0,0,0,0,0,0,0,0,0,0,0,0,0,0,0
"RNY1-17540",0,0,0,0,0,0,0,0,0,0,0,0,0,0,0,0,0,0
"RNY1-17542",0,0,0,0,0,0,0,0,0,0,0,0,0,0,0,0,0,0
"RNY1-17580",0,0,0,0,0,0,0,0,0,0,0,0,0,0,0,0,0,0
"RNY1-17657",0,0,0,0,0,0,0,0,0,0,0,0,0,0,0,0,0,0
"RNY1-17704",0,0,0,0,0,0,0,0,0,0,0,0,0,0,0,0,0,0
"RNY1-17724",0,0,0,0,0,0,0,0,0,0,0,0,0,0,0,0,0,0
"RNY1-17735",0,0,0,0,0,0,0,0,0,0,0,0,0,0,0,0,0,0
"RNY1-17793",0,0,0,0,0,0,0,0,0,0,0,0,0,0,0,0,0,0
"RNY1-17897",0,0,0,0,0,0,0,0,0,0,0,0,0,0,0,0,0,0
"RNY1-17900",0,0,0,0,0,0,0,0,0,0,0,0,0,0,0,0,0,0
"RNY1-1818",0,0,0,0,0,0,0,0,0,0,0,0,0,0,0,0,0,0
"RNY1-1878",0,0,0,0,0,0,0,0,0,0,0,0,0,0,0,0,0,0
"RNY1-2379",0,0,0,0,0,0,0,0,0,0,0,0,0,0,0,0,0,0
"RNY1-2454",0,0,0,0,0,0,0,0,0,0,0,0,0,0,0,0,0,0
"RNY1-2732",0,0,0,0,0,0,0,0,0,0,0,0,0,0,0,0,0,0
"RNY1-2736",0,0,0,0,0,0,0,0,0,0,0,0,0,0,0,0,0,0
"RNY1-2829",0,0,0,0,0,0,0,0,0,0,0,0,0,0,0,0,0,0
"RNY1-3031",0,0,0,0,0,0,0,0,0,0,0,0,0,0,0,0,0,0
"RNY1-3093",0,0,0,0,0,0,0,0,0,0,0,0,0,0,0,0,0,0
"RNY1-3119",0,0,0,0,0,0,0,0,0,0,0,0,0,0,0,0,0,0
"RNY1-3594",0,0,0,0,0,0,0,0,0,0,0,0,0,0,0,0,0,0
"RNY1-3643",0,0,0,0,0,0,0,0,0,0,0,0,0,0,0,0,0,0
"RNY1-3985",0,0,0,0,0,0,0,0,0,0,0,0,0,0,0,0,0,0
"RNY1-3986",0,0,0,0,0,0,0,0,0,0,0,0,0,0,0,0,0,0
"RNY1-4314",0,0,0,0,0,0,0,0,0,0,0,0,0,0,0,0,0,0
"RNY1-4402",0,0,0,0,0,0,0,0,0,0,0,0,0,0,0,0,0,0
"RNY1-4484",0,0,0,0,0,0,0,0,0,0,0,0,0,0,0,0,0,0
"RNY1-4557",0,0,0,0,0,0,0,0,0,0,0,0,0,0,0,0,0,0
"RNY1-4588",0,0,0,0,0,0,0,0,0,0,0,0,0,0,0,0,0,0
"RNY1-4612",0,0,0,0,0,0,0,0,0,0,0,0,0,0,0,0,0,0
"RNY1-4818",0,0,0,0,0,2,0,0,0,0,0,0,0,0,0,0,0,0
"RNY1-4909",0,0,0,0,0,0,0,0,0,0,0,0,0,0,0,0,0,0
"RNY1-4921",0,0,1,0,0,1,0,1,1,1,0,2,0,0,0,0,0,0
"RNY1-4964",0,0,0,0,0,0,0,0,0,0,0,0,0,0,0,0,0,0
"RNY1-5011",0,0,0,0,0,0,0,0,0,0,0,1,0,0,0,0,0,0
"RNY1-5042",0,0,0,0,0,0,0,0,0,0,0,0,0,0,0,0,0,0
"RNY1-5054",0,0,0,0,0,0,0,0,0,0,0,0,0,0,0,0,0,0
"RNY1-5060",0,0,0,0,0,0,0,0,0,0,0,0,0,0,0,0,0,0
"RNY1-5061",0,0,0,0,0,0,0,0,0,0,0,0,0,0,0,0,0,0
"RNY1-5073",0,0,0,0,0,0,0,0,0,0,0,0,0,0,0,0,0,0
"RNY1-5089",0,0,0,0,0,0,0,0,0,0,0,0,0,0,0,0,0,0
"RNY1-5128",0,0,0,0,0,0,0,0,0,0,0,0,1,0,0,0,0,0
"RNY1-5130",0,0,0,0,0,0,0,0,0,0,0,0,0,0,0,0,0,0
"RNY1-5203",0,0,0,0,0,0,0,0,0,0,0,0,0,0,0,0,0,0
"RNY1-5206",0,0,0,0,0,0,0,0,0,0,0,0,0,0,0,0,0,0
"RNY1-5225",0,0,0,0,0,0,0,0,0,0,0,0,0,0,0,0,0,0
"RNY1-5276",0,0,0,0,0,0,0,0,0,0,0,0,0,0,0,0,0,0
"RNY1-5277",0,0,0,0,0,0,0,0,0,0,0,0,0,0,0,0,0,0
"RNY1-5469",0,0,0,0,0,0,0,0,0,0,0,0,0,0,0,0,0,0
"RNY1-5478",0,0,0,0,0,0,0,0,0,0,0,0,0,0,0,0,0,0
"RNY1-5557",0,0,0,0,0,0,0,0,0,0,0,0,0,0,0,0,0,0
"RNY1-5613",0,0,0,0,0,0,0,0,0,0,0,0,0,0,0,0,0,0
"RNY1-5659",0,0,0,0,0,0,0,0,0,0,0,0,0,0,0,0,0,0
"RNY1-5664",0,0,0,0,0,0,0,0,0,0,0,0,0,0,0,0,0,0
"RNY1-5675",0,0,0,0,0,0,0,0,0,0,0,0,0,0,0,0,0,0
"RNY1-5685",0,0,0,0,0,0,0,0,0,0,0,0,0,0,0,0,0,0
"RNY1-5826",0,0,0,0,0,0,0,0,0,0,0,0,0,0,0,0,0,0
"RNY1-5855",0,0,0,0,0,0,0,0,0,0,0,0,0,0,0,0,0,0
"RNY1-6240",0,0,0,0,0,0,0,0,0,0,0,0,0,0,0,0,0,0
"RNY1-6265",0,0,0,0,0,0,0,0,0,0,0,0,0,0,0,0,0,0
"RNY1-6300",0,0,0,0,0,0,0,0,0,0,0,0,0,0,0,0,0,0
"RNY1-6311",0,0,0,0,0,0,0,0,0,0,0,0,0,0,0,0,0,0
"RNY1-6314",0,0,0,0,0,0,0,0,0,0,0,0,0,0,0,0,0,0
"RNY1-6321",0,0,0,0,0,0,0,0,0,0,0,0,0,0,0,0,0,0
"RNY1-6346",0,0,0,0,0,0,0,0,0,0,0,0,0,0,0,0,0,0
"RNY1-6508",0,0,0,0,0,0,0,0,0,0,0,0,0,0,0,0,0,0
"RNY1-6522",0,0,0,0,0,0,0,0,0,0,0,0,0,0,0,0,0,0
"RNY1-6565",0,0,0,0,0,0,0,0,0,0,0,0,0,0,0,0,0,0
"RNY1-6675",0,0,0,0,0,0,0,0,0,0,0,0,0,0,0,0,0,0
"RNY1-6789",0,1,0,0,0,0,0,0,0,0,0,0,0,0,0,0,0,0
"RNY1-6805",0,0,0,0,0,0,0,0,0,0,0,0,0,0,0,0,0,0
"RNY1-6893",0,0,0,0,0,0,0,0,0,0,0,0,0,0,0,0,0,0
"RNY1-7082",0,0,0,0,0,0,0,0,0,0,0,0,0,0,0,0,0,0
"RNY1-7189",0,0,0,0,0,0,0,0,0,0,0,0,0,0,0,0,0,0
"RNY1-7230",0,0,0,0,0,0,0,0,0,0,0,0,0,0,0,0,0,0
"RNY1-7263",0,0,0,0,0,0,0,0,0,0,0,0,0,0,0,0,0,0
"RNY1-7301",0,0,0,0,0,0,0,0,0,0,0,0,0,0,0,0,0,0
"RNY1-7302",0,0,0,0,0,0,0,0,0,0,0,0,0,0,0,0,0,0
"RNY1-7313",0,0,0,0,0,0,0,0,0,0,0,0,0,0,0,0,0,0
"RNY1-7339",0,0,0,0,0,0,0,0,0,0,0,0,0,0,0,0,0,0
"RNY1-7364",0,0,0,0,0,0,0,0,0,0,0,0,0,0,0,0,0,0
"RNY1-7366",0,0,0,0,0,0,0,0,0,0,0,0,0,0,0,0,0,0
"RNY1-7391",0,0,0,0,0,0,0,0,0,0,0,0,0,0,0,0,0,0
"RNY1-7407",0,0,0,0,0,0,0,0,0,0,0,0,0,0,0,0,0,0
"RNY1-7432",0,0,0,0,0,0,0,0,0,0,0,0,0,0,0,0,0,0
"RNY1-7436",0,0,0,0,0,0,0,0,0,0,0,0,0,0,0,0,0,0
"RNY1-7437",0,0,0,0,0,0,0,0,0,0,0,0,0,0,0,0,0,0
"RNY1-7438",0,0,0,0,0,0,0,0,0,0,0,0,0,0,0,0,0,0
"RNY1-7484",0,0,0,0,0,0,0,0,0,0,0,0,0,0,0,0,0,0
"RNY1-7485",0,0,0,0,0,0,0,0,0,0,0,0,0,0,0,0,0,0
"RNY1-7521",0,0,0,0,0,0,0,0,0,0,0,0,0,0,0,0,0,0
"RNY1-7522",0,0,0,0,0,0,0,0,0,0,0,0,0,0,0,0,0,0
"RNY1-7525",0,0,0,0,0,0,0,0,0,0,0,0,0,0,0,0,0,0
"RNY1-7529",0,0,0,0,0,0,0,0,0,0,0,0,0,0,0,0,0,0
"RNY1-7804",0,0,0,0,0,0,0,0,0,0,0,0,0,0,0,0,0,0
"RNY1-7848",0,0,0,0,0,0,0,0,0,0,0,0,0,0,0,0,0,0
"RNY1-7853",0,0,0,0,0,0,0,0,0,0,0,0,0,0,0,0,0,0
"RNY1-7895",0,0,0,0,0,0,0,0,0,0,0,0,0,0,0,0,0,0
"RNY1-8079",0,0,0,0,0,0,0,0,0,0,0,0,0,0,0,0,0,0
"RNY1-8255",0,0,0,0,0,0,0,0,0,0,0,0,0,0,0,0,0,0
"RNY1-8260",0,0,0,0,0,0,0,0,0,0,0,0,0,0,0,0,0,0
"RNY1-8384",0,0,0,0,0,0,0,0,0,0,0,0,0,0,0,0,0,0
"RNY1-8398",0,0,0,0,0,0,0,0,0,0,0,0,0,0,0,0,0,0
"RNY1-841",0,0,0,0,0,0,0,0,0,0,0,0,0,0,0,0,0,0
"RNY1-8480",0,0,0,0,0,0,0,0,0,0,0,0,0,0,0,0,0,0
"RNY1-8482",0,0,0,0,0,0,0,0,0,0,0,0,0,0,0,0,0,0
"RNY1-8556",0,0,0,0,0,0,0,0,0,0,0,0,0,0,0,0,0,0
"RNY1-8604",0,0,0,0,0,0,0,0,0,0,0,0,0,0,0,0,0,0
"RNY1-8606",0,0,0,0,0,0,0,0,0,0,0,0,0,0,0,0,0,0
"RNY1-8608",0,0,0,0,0,0,0,0,0,0,0,0,0,0,0,0,0,0
"RNY1-8611",0,0,0,0,0,0,0,0,0,0,0,0,0,0,0,0,0,0
"RNY1-8614",0,0,0,0,0,0,0,0,0,0,0,0,0,0,0,0,0,0
"RNY1-8616",0,0,0,0,0,0,0,0,0,0,0,0,0,0,0,0,0,0
"RNY1-8737",0,0,0,0,0,0,0,0,0,0,0,0,0,0,0,0,0,0
"RNY1-8847",0,0,0,0,0,0,0,0,0,0,0,0,0,0,0,0,0,0
"RNY1-9161",0,0,0,0,0,0,0,0,0,0,0,0,0,0,0,0,0,0
"RNY1-9429",0,0,0,0,0,0,0,0,0,0,0,0,0,0,0,0,0,0
"RNY1-9433",0,0,0,0,0,0,0,0,0,0,0,0,0,0,0,0,0,0
"RNY1-9525",0,0,0,0,0,0,0,0,0,0,0,0,0,0,0,0,0,0
"RNY1-9533",0,0,0,0,0,0,0,0,0,0,0,0,0,0,0,0,0,0
"RNY1-9584",0,0,0,0,0,0,0,0,0,0,0,0,0,0,0,0,0,0
"RNY1-9592",0,0,0,0,0,0,0,0,0,0,0,0,0,0,0,0,0,0
"RNY1-9604",0,0,0,0,0,0,0,0,0,0,0,0,0,0,0,0,0,0
"RNY1-9613",0,0,0,0,0,0,0,0,0,0,0,0,0,0,0,0,0,0
"RNY1-9615",0,0,0,0,0,0,0,0,0,0,0,0,0,0,0,0,0,0
"RNY1-9628",0,0,0,0,0,0,0,0,0,0,0,0,0,0,0,0,0,0
"RNY1-9633",0,0,0,0,0,0,0,0,0,0,0,0,0,0,0,0,0,0
"RNY1-9634",0,0,0,0,0,0,0,0,0,0,0,0,0,0,0,0,0,0
"RNY1-9657",0,0,0,0,0,0,0,0,0,0,0,0,0,0,0,0,0,0
"RNY1-9669",0,0,0,0,0,0,0,0,0,0,0,0,0,0,0,0,0,0
"RNY1-9679",0,0,0,0,0,0,0,0,0,0,0,0,0,0,0,0,0,0
"RNY1-9684",0,0,0,0,0,0,0,0,0,0,0,0,0,0,0,0,0,0
"RNY1-9696",0,0,0,0,0,0,0,0,0,0,0,0,0,0,0,0,0,0
"RNY1-9722",0,0,0,0,0,0,0,0,0,0,0,0,0,0,0,0,0,0
"RNY1-9723",0,0,0,0,0,0,0,0,0,0,0,0,0,0,0,0,0,0
"RNY1-9920",0,0,0,0,0,0,0,0,0,0,0,0,0,0,0,0,0,0
"RNY1-9921",0,0,0,0,0,0,0,0,0,0,0,0,0,0,0,0,0,0
"RNY1-9922",0,0,0,0,0,0,0,0,0,0,0,0,0,0,0,0,0,0
"RNY3-10103",0,0,0,0,0,0,0,0,0,0,0,0,0,0,0,0,0,0
"RNY3-10105",0,0,0,0,0,0,0,0,0,0,0,0,0,0,0,0,0,0
"RNY3-10135",0,0,0,0,0,0,0,0,0,0,0,0,0,0,0,0,0,0
"RNY3-10140",0,0,0,0,0,0,0,0,0,0,0,0,0,0,0,0,0,0
"RNY3-10207",0,0,0,0,0,0,0,0,0,0,0,0,0,0,0,0,0,0
"RNY3-10259",0,0,0,0,0,0,0,0,0,0,0,0,0,0,0,0,0,0
"RNY3-10296",0,0,0,0,0,0,0,0,0,0,0,0,0,0,0,0,0,0
"RNY3-10328",0,0,0,0,0,0,0,0,0,0,0,0,0,0,0,0,0,0
"RNY3-10329",0,0,0,0,0,0,0,0,0,0,0,0,0,0,0,0,0,0
"RNY3-10402",0,0,0,0,0,0,0,0,0,0,0,0,0,0,0,0,0,0
"RNY3-10408",0,0,0,0,0,0,0,0,0,0,0,0,0,0,0,0,0,0
"RNY3-10514",0,0,0,0,0,0,0,0,0,0,0,0,0,0,0,0,0,0
"RNY3-10939",0,0,0,0,0,0,0,0,0,0,0,0,0,0,0,0,0,0
"RNY3-11059",0,0,0,0,0,0,0,0,0,0,0,0,0,0,0,0,0,0
"RNY3-11100",0,0,0,0,0,0,0,0,0,0,0,0,0,0,0,0,0,0
"RNY3-11104",0,0,0,0,0,0,0,0,0,0,0,0,0,0,0,0,0,0
"RNY3-11109",0,0,0,0,0,0,0,0,0,0,0,0,0,0,0,0,0,0
"RNY3-11122",0,0,0,0,0,0,0,0,0,0,0,0,0,0,0,0,0,0
"RNY3-11123",0,0,0,0,0,0,0,0,0,0,0,0,0,0,0,0,0,0
"RNY3-11179",0,0,0,0,0,0,0,0,0,0,0,0,0,0,0,0,0,0
"RNY3-11274",0,0,0,0,0,0,0,0,0,0,0,0,0,0,0,0,0,0
"RNY3-11542",0,0,0,0,0,0,0,0,0,0,0,0,0,0,0,0,0,0
"RNY3-11607",0,0,0,0,0,0,0,0,0,0,0,0,0,0,0,0,0,0
"RNY3-11608",0,0,0,0,0,0,0,0,0,0,0,0,0,0,0,0,0,0
"RNY3-12089",0,0,0,0,0,0,0,0,0,0,0,0,0,0,0,0,0,0
"RNY3-12183",0,0,0,0,0,0,0,0,0,0,0,0,0,0,0,0,0,0
"RNY3-1222",0,0,0,0,0,0,0,0,1,0,0,0,0,0,0,0,0,0
"RNY3-12239",0,0,0,0,0,0,0,0,0,0,0,0,0,0,0,0,0,0
"RNY3-12292",0,0,0,0,0,0,0,0,0,0,0,0,0,0,0,0,0,0
"RNY3-12304",0,0,0,0,0,0,0,0,0,0,0,0,0,0,0,0,0,0
"RNY3-12587",0,0,0,0,0,0,0,0,0,0,0,0,0,0,0,0,0,0
"RNY3-12609",0,0,0,0,0,0,0,0,0,0,0,0,0,0,0,0,0,0
"RNY3-12791",0,0,0,0,0,0,0,0,0,0,0,0,0,0,0,0,0,0
"RNY3-12803",0,0,0,0,0,0,0,0,0,0,0,0,0,0,0,0,0,0
"RNY3-12861",0,0,0,0,0,0,0,0,0,0,0,0,0,0,0,0,0,0
"RNY3-12880",0,0,0,0,0,0,0,0,0,0,0,0,0,0,0,0,0,0
"RNY3-12911",0,0,0,0,0,0,0,0,0,0,0,0,0,0,0,0,0,0
"RNY3-12918",0,0,0,0,0,0,0,0,0,0,0,0,0,0,0,0,0,0
"RNY3-12945",0,0,0,0,0,0,0,0,0,0,0,2,0,0,0,0,0,0
"RNY3-13001",0,0,0,0,0,0,0,0,0,0,0,0,0,0,0,0,0,0
"RNY3-13046",0,0,0,0,0,0,0,0,0,0,0,0,0,0,0,0,0,0
"RNY3-13060",0,0,0,0,0,0,0,0,0,0,0,0,0,0,0,0,0,0
"RNY3-13068",0,0,0,0,0,0,0,0,0,0,0,0,0,0,0,0,0,0
"RNY3-13110",0,0,0,0,0,0,0,0,0,0,0,0,0,0,0,0,0,0
"RNY3-13132",0,0,0,0,0,0,0,0,0,0,0,0,0,0,0,0,0,0
"RNY3-13138",0,0,0,0,0,0,0,0,0,0,0,0,0,0,0,0,0,0
"RNY3-13143",0,0,0,0,0,0,0,0,0,0,0,0,0,0,0,0,0,0
"RNY3-13158",0,0,0,0,0,0,0,0,0,0,0,0,0,0,0,0,0,0
"RNY3-13176",0,0,0,0,0,0,0,0,0,0,0,0,0,0,0,0,0,0
"RNY3-13232",0,0,0,0,0,0,0,0,0,0,0,0,0,0,0,0,0,0
"RNY3-13709",0,0,0,0,0,0,0,0,0,0,0,0,0,0,0,0,0,0
"RNY3-13769",0,0,0,0,0,0,0,0,0,0,0,0,0,0,0,0,0,0
"RNY3-13794",0,0,0,0,0,0,0,0,0,0,0,0,0,0,0,0,0,0
"RNY3-13815",0,0,0,0,0,0,0,0,0,0,0,0,0,0,0,0,0,0
"RNY3-13902",0,0,0,0,0,0,0,0,0,0,0,0,0,0,0,0,0,0
"RNY3-13977",0,0,0,0,0,0,0,0,0,0,0,0,0,0,0,0,0,0
"RNY3-13994",0,0,0,0,0,0,0,0,0,0,0,0,0,0,0,0,0,0
"RNY3-14002",0,0,0,0,0,0,0,0,0,0,0,0,0,0,0,0,0,0
"RNY3-14008",0,0,0,0,0,0,0,0,0,0,0,0,0,0,0,0,0,0
"RNY3-14017",0,0,0,0,0,0,0,0,0,0,0,0,0,0,0,0,0,0
"RNY3-14023",0,0,0,0,0,0,0,0,0,0,0,0,0,0,0,0,0,0
"RNY3-14049",0,0,0,0,0,0,0,0,0,0,0,0,0,0,0,0,0,0
"RNY3-14051",0,0,0,0,0,0,0,0,0,0,0,0,0,0,0,0,0,0
"RNY3-14059",0,0,0,0,0,0,0,0,0,0,0,0,0,0,0,0,0,0
"RNY3-14072",0,0,0,0,0,0,0,0,0,0,0,0,0,0,0,0,0,0
"RNY3-14074",0,0,0,0,0,0,0,0,0,0,0,0,0,0,0,0,0,0
"RNY3-14075",0,0,0,0,0,0,0,0,0,0,0,0,0,0,0,0,0,0
"RNY3-14076",0,0,0,0,0,0,0,0,0,0,0,0,0,0,0,0,0,0
"RNY3-14087",0,0,0,0,0,0,0,0,0,0,0,0,0,0,0,0,0,0
"RNY3-14088",0,0,0,0,0,0,0,0,0,0,0,0,0,0,0,0,0,0
"RNY3-14105",0,0,0,0,0,0,0,0,0,0,0,0,0,0,0,0,0,0
"RNY3-14106",0,0,0,0,0,0,0,0,0,0,0,0,0,0,0,0,0,0
"RNY3-14107",0,0,0,0,0,0,0,0,0,0,0,0,0,0,0,0,0,0
"RNY3-14109",0,0,0,0,0,0,0,0,0,0,0,0,0,0,0,0,0,0
"RNY3-14132",0,0,0,0,0,0,0,0,0,0,0,0,0,0,0,0,0,0
"RNY3-14133",0,0,0,0,0,0,0,0,0,0,0,0,0,0,0,0,0,0
"RNY3-14134",0,0,0,0,0,0,0,0,0,0,0,0,0,0,0,0,0,0
"RNY3-14140",0,0,0,0,0,0,0,0,0,0,0,0,0,0,0,0,0,0
"RNY3-14141",0,0,0,0,0,0,0,0,0,0,0,0,0,0,0,0,0,0
"RNY3-14176",0,0,0,0,0,0,0,0,0,0,0,0,0,0,0,0,0,0
"RNY3-14181",0,0,0,0,0,0,0,0,0,0,0,0,0,0,0,0,0,0
"RNY3-14186",0,0,0,0,0,0,0,0,0,0,0,0,0,0,0,0,0,0
"RNY3-14205",0,0,0,0,0,0,0,0,0,0,0,0,0,0,0,0,0,0
"RNY3-14207",0,0,0,0,0,0,0,0,0,0,0,0,0,0,0,0,0,0
"RNY3-14224",0,0,0,0,0,0,0,0,0,0,0,0,0,0,0,0,0,0
"RNY3-14246",0,0,0,0,0,0,0,0,0,0,0,0,0,0,0,0,0,0
"RNY3-14295",0,0,0,0,0,0,0,0,0,0,0,0,0,0,0,0,0,0
"RNY3-14382",0,0,0,0,0,0,0,0,0,0,0,0,0,0,0,0,0,0
"RNY3-14401",0,0,0,0,0,0,0,0,0,0,0,0,0,0,0,0,0,0
"RNY3-14431",0,0,0,0,0,0,0,0,0,0,0,0,0,0,0,0,0,0
"RNY3-14450",0,0,0,0,0,0,0,0,0,0,0,0,0,0,0,0,0,0
"RNY3-14469",0,0,0,0,0,0,0,0,0,0,0,0,0,0,0,0,0,0
"RNY3-14481",0,0,0,0,0,0,0,0,0,0,0,0,0,0,0,0,0,0
"RNY3-14484",0,0,0,0,0,0,0,0,0,0,0,0,0,0,0,0,0,0
"RNY3-14509",0,0,0,0,0,0,0,0,0,0,0,0,0,0,0,0,0,0
"RNY3-14529",0,0,0,0,0,0,0,0,0,0,0,0,0,0,0,0,0,0
"RNY3-14557",0,0,0,0,0,0,0,0,0,0,0,0,0,0,0,0,0,0
"RNY3-14570",0,0,0,0,0,0,0,0,0,0,0,0,0,0,0,0,0,0
"RNY3-14573",0,0,0,0,0,0,0,0,0,0,0,0,0,0,0,0,0,0
"RNY3-14594",0,0,0,0,0,0,0,0,0,0,0,0,0,0,0,0,0,0
"RNY3-14609",0,0,0,0,0,0,0,0,0,0,0,0,0,0,0,0,0,0
"RNY3-14613",0,0,0,0,0,0,0,0,0,0,0,0,0,0,0,0,0,0
"RNY3-14624",0,0,0,0,0,0,0,0,0,0,0,0,0,0,0,0,0,0
"RNY3-14638",0,0,0,0,0,0,0,0,0,0,0,0,0,0,0,0,0,0
"RNY3-14641",0,0,0,0,0,0,0,0,0,0,0,0,0,0,0,0,0,0
"RNY3-14642",0,0,0,0,0,0,0,0,0,0,0,0,0,0,0,0,0,0
"RNY3-14644",0,0,0,0,0,0,0,0,0,0,0,0,0,0,0,0,0,0
"RNY3-14648",0,0,0,0,0,0,0,0,0,0,0,0,0,0,0,0,0,0
"RNY3-14856",0,0,0,0,0,0,0,0,0,0,0,0,0,0,0,0,0,0
"RNY3-14900",0,0,0,0,0,0,0,0,0,0,0,0,0,0,0,0,0,0
"RNY3-14902",0,0,0,0,0,0,0,0,0,0,0,0,0,0,0,0,0,0
"RNY3-14921",0,0,0,0,0,0,0,0,0,0,0,0,0,0,0,0,0,0
"RNY3-14922",0,0,0,0,0,0,0,0,0,0,0,0,0,0,0,0,0,0
"RNY3-15334",0,0,0,0,0,0,0,0,0,0,0,0,0,0,0,0,0,0
"RNY3-15347",0,0,0,0,0,0,0,0,0,0,0,0,0,0,0,0,0,0
"RNY3-15880",0,0,0,0,0,0,0,0,0,0,0,0,0,0,0,0,0,0
"RNY3-15909",0,0,0,0,0,0,0,0,0,0,0,0,0,0,0,0,0,0
"RNY3-16203",0,0,0,0,0,0,0,0,0,0,0,0,0,0,0,0,0,0
"RNY3-16260",0,0,0,0,0,0,0,0,0,0,0,0,0,0,0,0,0,0
"RNY3-16261",0,0,0,0,0,0,0,0,0,0,0,0,0,0,0,0,0,0
"RNY3-16271",0,0,0,0,0,0,0,0,0,0,0,0,0,0,0,0,0,0
"RNY3-16286",0,0,0,0,0,0,0,0,0,0,0,0,0,0,0,0,0,0
"RNY3-16303",0,0,0,0,0,0,0,0,0,0,0,0,0,0,0,0,0,0
"RNY3-16306",0,0,0,0,0,0,0,0,0,0,0,0,0,0,0,0,0,0
"RNY3-16327",0,0,0,0,0,0,0,0,0,0,0,0,0,0,0,0,0,0
"RNY3-16340",0,0,0,0,0,0,0,0,0,0,0,0,0,0,0,0,0,0
"RNY3-16387",0,0,0,0,0,0,0,0,0,0,0,0,0,0,0,0,0,0
"RNY3-16528",0,0,0,0,0,0,0,0,0,0,0,0,0,0,0,0,0,0
"RNY3-16541",0,0,0,0,0,0,0,0,0,0,0,0,0,0,0,0,0,0
"RNY3-16550",0,0,0,0,0,0,0,0,0,0,0,0,0,0,0,0,0,0
"RNY3-16553",0,0,0,0,0,0,0,0,0,0,0,0,0,0,0,0,0,0
"RNY3-16566",0,0,0,0,0,0,0,0,0,0,0,0,0,0,0,0,0,0
"RNY3-16670",0,0,0,0,0,0,0,0,0,0,0,0,0,0,0,0,0,0
"RNY3-16698",0,0,0,0,0,0,0,0,0,0,0,0,0,0,0,0,0,0
"RNY3-16872",0,0,0,0,0,0,0,0,0,0,0,0,0,0,0,0,0,0
"RNY3-16894",0,0,0,0,0,0,0,0,0,0,0,0,0,0,0,0,0,0
"RNY3-16910",0,0,0,0,0,0,0,0,0,0,0,0,0,0,0,0,0,0
"RNY3-16912",0,0,0,0,0,0,0,0,0,0,0,0,0,0,0,0,0,0
"RNY3-16920",0,0,0,0,0,0,0,0,0,0,0,0,0,0,0,0,0,0
"RNY3-16922",0,0,0,0,0,0,0,0,0,0,0,0,0,0,0,0,0,0
"RNY3-16923",0,0,0,0,0,0,0,0,0,0,0,0,0,0,0,0,0,0
"RNY3-16924",0,0,0,0,0,0,0,0,0,0,0,0,0,0,0,0,0,0
"RNY3-16937",0,0,0,0,0,0,0,0,0,0,0,0,0,0,0,0,0,0
"RNY3-16956",0,0,0,0,0,0,0,0,0,0,0,0,0,0,0,0,0,0
"RNY3-16958",0,0,0,0,0,0,0,0,0,0,0,0,0,0,0,0,0,0
"RNY3-16962",0,0,0,0,0,0,0,0,0,0,0,0,0,0,0,0,0,0
"RNY3-16967",0,0,0,0,0,0,0,0,0,0,0,0,0,0,0,0,0,0
"RNY3-16977",0,0,0,0,0,0,0,0,0,0,0,0,0,0,0,0,0,0
"RNY3-16979",0,0,0,0,0,0,0,0,0,0,0,0,0,0,0,0,0,0
"RNY3-17077",0,0,0,0,0,0,0,0,0,0,0,0,0,0,0,0,0,0
"RNY3-17101",0,0,0,0,0,0,0,0,0,0,0,0,0,0,0,0,0,0
"RNY3-17115",0,0,0,0,0,0,0,0,0,0,0,0,0,0,0,0,0,0
"RNY3-17121",0,0,0,0,0,0,0,0,0,0,0,0,0,0,0,0,0,0
"RNY3-17145",0,0,0,0,0,0,0,0,0,0,0,0,0,0,0,0,0,0
"RNY3-17146",0,0,0,0,0,0,0,0,0,0,0,0,0,0,0,0,0,0
"RNY3-17157",0,0,0,0,0,0,0,0,0,0,0,0,0,0,0,0,0,0
"RNY3-17211",0,0,0,0,0,0,0,0,0,0,0,0,0,0,0,0,0,0
"RNY3-17215",0,0,0,0,0,0,0,0,0,0,0,0,0,0,0,0,0,0
"RNY3-17226",0,0,0,0,0,0,0,0,0,0,0,0,0,0,0,0,0,0
"RNY3-17255",0,0,0,0,0,0,0,0,0,0,0,0,0,0,0,0,0,0
"RNY3-17256",0,0,0,0,0,0,0,0,0,0,0,0,0,0,0,0,0,0
"RNY3-17281",0,0,0,0,0,0,0,0,0,0,0,0,0,0,0,0,0,0
"RNY3-17283",0,0,0,0,0,0,0,0,0,0,0,0,0,0,0,0,0,0
"RNY3-17293",0,0,0,0,0,0,0,0,0,0,0,0,0,0,0,0,0,0
"RNY3-17294",0,0,0,0,0,0,0,0,0,0,0,0,0,0,0,0,0,0
"RNY3-17335",0,0,0,0,0,0,0,0,0,0,0,0,0,0,0,0,0,0
"RNY3-17337",0,0,0,0,0,0,0,0,0,0,0,0,0,0,0,0,0,0
"RNY3-17346",0,0,0,0,0,0,0,0,0,0,0,0,0,0,0,0,0,0
"RNY3-17385",0,0,0,0,0,0,0,0,0,0,0,0,0,0,0,0,0,0
"RNY3-17388",0,0,0,0,0,0,0,0,0,0,0,0,0,0,0,0,0,0
"RNY3-17389",0,0,0,0,0,0,0,0,0,0,0,0,0,0,0,0,0,0
"RNY3-17390",0,0,0,0,0,0,0,0,0,0,0,0,0,0,0,0,0,0
"RNY3-17445",0,0,0,0,0,0,0,0,0,0,0,0,0,0,0,0,0,0
"RNY3-17449",0,0,0,0,0,0,0,0,0,0,0,0,0,0,0,0,0,0
"RNY3-17450",0,0,0,0,0,0,0,0,0,0,0,0,0,0,0,0,0,0
"RNY3-17455",0,0,0,0,0,0,0,0,0,0,0,0,0,0,0,0,0,0
"RNY3-17518",0,0,0,0,0,0,0,0,0,0,0,0,0,0,0,0,0,0
"RNY3-17524",0,0,0,0,0,0,0,0,0,0,0,0,0,0,0,0,0,0
"RNY3-17525",0,0,0,0,0,0,0,0,0,0,0,0,0,0,0,0,0,0
"RNY3-17539",0,0,0,0,0,0,0,0,0,0,0,0,0,0,0,0,0,0
"RNY3-17546",0,0,0,0,0,0,0,0,0,0,0,0,0,0,0,0,0,0
"RNY3-17561",0,0,0,0,0,0,0,0,0,0,0,0,0,0,0,0,0,0
"RNY3-17578",0,0,0,0,0,0,0,0,0,0,0,0,0,0,0,0,0,0
"RNY3-17595",0,0,0,0,0,0,0,0,0,0,0,0,0,0,0,0,0,0
"RNY3-17611",0,0,0,0,0,0,0,0,0,0,0,0,0,0,0,0,0,0
"RNY3-17655",0,0,0,0,0,0,0,0,0,0,0,0,0,0,0,0,0,0
"RNY3-17686",0,0,0,0,0,0,0,0,0,0,0,0,0,0,0,0,0,0
"RNY3-2175",0,0,0,0,0,0,0,0,0,0,0,0,0,0,0,0,0,0
"RNY3-2225",0,0,0,0,0,0,0,0,0,0,0,0,0,0,0,0,0,0
"RNY3-2327",0,1,0,2,0,1,0,0,0,0,0,0,0,0,0,0,0,0
"RNY3-2935",0,0,0,0,0,0,0,0,0,0,0,0,0,0,0,0,0,0
"RNY3-3362",0,0,0,0,0,0,0,0,0,0,0,0,0,0,0,0,0,0
"RNY3-3383",0,0,0,0,0,0,0,0,1,0,0,0,0,0,0,1,0,0
"RNY3-3407",0,0,0,0,0,0,0,0,0,0,0,0,0,0,0,0,0,0
"RNY3-3494",0,0,0,0,0,0,0,0,0,0,0,0,0,0,0,0,0,0
"RNY3-3496",0,0,0,0,0,0,0,0,0,0,0,0,0,0,0,0,0,0
"RNY3-3535",0,0,0,0,0,0,0,0,0,0,0,0,0,0,0,0,0,0
"RNY3-3581",0,0,0,0,0,0,0,0,0,0,0,0,0,0,0,0,0,0
"RNY3-3593",0,0,0,0,0,0,0,0,0,0,0,0,0,0,2,0,0,0
"RNY3-3629",0,0,0,0,0,0,0,0,0,0,0,0,0,0,0,0,0,0
"RNY3-3845",0,0,0,0,0,0,0,0,0,0,0,0,0,0,0,0,0,0
"RNY3-3925",0,0,0,0,0,0,0,0,0,0,0,0,0,0,0,0,0,0
"RNY3-3962",0,0,0,0,0,0,0,0,0,0,0,0,0,0,0,0,0,0
"RNY3-3970",0,0,0,0,0,0,0,0,0,0,0,0,0,0,0,0,0,0
"RNY3-3979",0,0,0,0,0,0,0,1,0,0,0,1,0,0,0,0,0,0
"RNY3-3995",0,0,0,0,0,0,0,0,1,0,0,0,0,0,0,0,0,0
"RNY3-4036",0,0,0,0,0,0,0,0,0,0,0,0,0,0,0,0,0,0
"RNY3-4039",0,0,0,0,0,0,0,0,0,0,0,0,0,0,0,0,0,0
"RNY3-4185",0,0,0,0,0,0,0,0,0,0,0,0,0,0,0,0,0,0
"RNY3-4197",0,0,0,0,0,0,0,0,0,0,0,0,0,0,0,0,0,0
"RNY3-4276",0,0,0,0,0,0,0,0,0,0,0,0,0,0,0,0,0,0
"RNY3-4791",0,0,0,0,0,0,0,0,0,0,0,0,0,0,0,0,0,0
"RNY3-5100",0,0,0,0,0,0,0,0,0,0,0,0,0,0,0,0,0,0
"RNY3-5123",0,0,0,0,0,0,0,0,0,0,0,0,0,0,0,0,0,0
"RNY3-5148",0,0,0,0,0,0,0,0,0,0,0,0,0,0,0,0,0,0
"RNY3-5190",0,0,0,0,0,0,0,0,0,0,0,0,0,0,0,0,0,0
"RNY3-6005",0,0,0,0,0,0,0,0,0,0,0,0,0,0,0,0,0,0
"RNY3-6298",0,0,0,0,0,0,0,0,0,0,0,0,0,0,0,0,0,0
"RNY3-6669",0,0,0,0,0,0,0,0,0,0,0,0,0,0,0,0,0,0
"RNY3-6704",0,0,0,0,0,0,0,0,0,0,0,0,0,0,0,0,0,0
"RNY3-6714",0,0,0,0,0,0,0,0,0,0,0,0,0,0,0,0,0,0
"RNY3-6735",0,0,0,0,0,0,0,0,0,0,0,0,0,0,0,0,0,0
"RNY3-7420",0,0,0,0,0,0,0,0,0,0,0,0,0,0,0,0,0,0
"RNY3-7513",0,0,0,0,0,0,0,0,0,0,0,0,0,0,0,0,0,0
"RNY3-7557",0,0,0,0,0,0,0,0,0,0,0,0,0,0,0,0,0,0
"RNY3-7967",0,0,0,0,0,0,0,0,0,0,0,0,0,0,0,0,0,0
"RNY3-7984",0,0,0,0,0,0,0,0,0,0,0,0,0,0,0,0,0,0
"RNY3-8001",0,0,0,0,0,0,0,0,0,0,0,0,0,0,0,0,0,0
"RNY3-8063",0,0,0,0,0,0,0,0,0,0,0,0,0,0,0,0,0,0
"RNY3-8098",0,0,0,0,0,0,0,0,0,0,0,0,0,0,0,0,0,0
"RNY3-8132",0,0,0,0,0,0,0,0,0,0,0,0,0,0,0,0,0,0
"RNY3-8155",0,0,0,0,0,0,0,0,0,0,0,0,0,0,0,0,0,0
"RNY3-8216",0,0,0,0,0,0,0,0,0,0,0,0,0,0,0,0,0,0
"RNY3-8302",0,0,0,0,0,0,0,0,0,0,0,0,0,0,0,0,0,0
"RNY3-8366",0,0,0,0,0,0,0,0,0,0,0,0,0,0,0,0,0,0
"RNY3-8397",0,0,0,0,0,0,0,0,0,0,0,0,0,0,0,0,0,0
"RNY3-8427",0,0,0,0,0,0,0,0,0,0,0,0,0,0,0,0,0,0
"RNY3-8470",0,0,0,0,0,0,0,0,0,0,0,0,0,0,0,0,0,0
"RNY3-8473",0,0,0,0,0,0,0,0,0,0,0,0,0,0,0,0,0,0
"RNY3-8545",0,0,0,0,0,0,0,0,0,0,0,0,0,0,0,0,0,0
"RNY3-8553",0,0,0,0,0,0,0,0,0,0,0,0,0,0,0,0,0,0
"RNY3-8596",0,0,0,0,0,0,0,0,0,0,0,0,0,0,0,0,0,0
"RNY3-8641",0,0,0,0,0,0,0,0,0,0,0,0,0,0,0,0,0,0
"RNY3-8794",0,0,0,0,0,0,0,0,0,0,0,0,0,0,0,0,0,0
"RNY3-8843",0,0,0,0,0,0,0,0,0,0,0,0,0,0,0,0,0,0
"RNY3-8881",0,0,0,0,0,0,0,0,0,0,0,0,0,0,0,0,0,0
"RNY3-9064",0,0,0,0,0,0,0,0,0,0,0,0,0,0,0,0,0,0
"RNY3-9149",0,0,0,0,0,0,0,0,0,0,0,0,0,0,0,0,0,0
"RNY3-9265",0,0,0,0,0,0,0,0,0,0,0,0,0,0,0,0,0,0
"RNY3-9338",0,0,0,0,0,0,0,0,0,0,0,0,0,0,0,0,0,0
"RNY3-9355",0,0,0,0,0,0,0,0,0,0,0,0,0,0,0,0,0,0
"RNY3-9372",0,0,0,0,0,0,0,0,0,0,0,0,0,0,0,0,0,0
"RNY3-9461",0,0,0,0,0,0,0,0,0,0,0,0,0,0,0,0,0,0
"RNY3-9467",0,0,0,0,0,0,0,0,0,0,0,0,0,0,0,0,0,0
"RNY3-9623",0,0,0,0,0,0,0,0,0,0,0,0,0,0,0,0,0,0
"RNY3-9626",0,0,0,0,0,0,0,1,0,0,0,0,0,0,1,0,0,0
"RNY3-9627",0,0,0,0,0,0,0,0,0,0,0,0,0,0,0,0,0,0
"RNY3-9629",0,0,0,0,0,0,0,0,0,0,0,0,0,0,0,0,0,0
"RNY3-9656",0,0,0,0,0,0,0,0,0,0,0,0,0,0,0,0,0,0
"RNY3-9695",0,0,0,0,0,0,0,0,0,0,0,0,0,0,0,0,0,0
"RNY3-9718",0,0,0,0,0,0,0,0,0,0,0,0,0,0,0,0,0,0
"RNY3-9721",0,0,0,0,0,0,0,0,0,0,0,0,0,0,0,0,0,0
"RNY3-9762",0,0,0,0,0,0,0,0,0,0,0,0,0,0,0,1,0,0
"RNY3-9829",0,0,0,0,0,0,0,0,0,0,0,0,0,0,0,0,0,0
"RNY3-9904",0,0,0,0,0,0,0,0,0,0,0,0,0,0,0,0,0,0
"RNY3-9913",0,0,0,0,0,0,0,0,0,0,0,0,0,0,0,0,0,0
"RNY3-9918",0,0,0,0,0,0,0,0,0,0,0,0,0,0,0,0,0,0
"RNY3-9942",0,0,0,0,0,0,0,0,0,0,0,0,0,0,0,0,0,0
"RNY4-10011",0,0,0,0,0,0,0,0,0,0,0,0,0,0,0,0,0,0
"RNY4-10039",0,0,0,0,0,0,0,0,0,0,0,0,0,0,0,0,0,0
"RNY4-10066",0,0,0,0,0,0,0,0,0,0,0,0,0,0,0,0,0,0
"RNY4-10088",0,0,0,0,0,0,0,0,0,0,0,0,0,0,0,0,0,0
"RNY4-10089",0,0,0,0,0,0,0,0,0,0,0,0,0,0,0,0,0,0
"RNY4-10090",0,0,0,0,0,0,0,0,0,0,0,0,0,0,0,0,0,0
"RNY4-10120",0,0,0,0,0,0,0,0,0,0,0,0,0,0,0,0,0,0
"RNY4-10164",0,0,0,0,0,0,0,0,0,0,0,0,0,0,0,0,0,0
"RNY4-10167",0,0,0,0,0,0,0,0,0,0,0,0,0,0,0,0,0,0
"RNY4-10237",0,0,0,0,0,0,0,0,0,0,0,0,0,0,0,0,0,0
"RNY4-10273",0,0,0,0,0,0,0,0,0,0,0,0,0,0,0,0,0,0
"RNY4-10275",0,0,0,0,0,0,0,0,0,0,0,0,0,0,0,0,0,0
"RNY4-10307",0,0,0,0,0,0,0,0,0,0,0,0,0,0,0,0,0,0
"RNY4-1034",0,0,0,0,0,0,0,0,0,0,0,0,0,0,0,0,0,0
"RNY4-10380",0,0,0,0,0,0,0,0,0,0,0,0,0,0,0,0,0,0
"RNY4-10389",0,0,0,0,0,0,0,0,0,0,0,0,0,0,0,0,0,0
"RNY4-10392",0,0,0,0,0,0,0,0,0,0,0,0,0,0,0,0,0,0
"RNY4-10393",0,0,0,0,0,0,0,0,0,0,0,0,0,0,0,0,0,0
"RNY4-1045",1,0,0,0,0,0,0,0,0,0,0,0,0,0,0,0,0,0
"RNY4-10451",0,0,0,0,0,0,0,0,0,0,0,0,0,0,0,0,0,0
"RNY4-10452",0,0,0,0,0,0,0,0,0,0,0,0,0,0,0,0,0,0
"RNY4-10454",0,0,0,0,0,0,0,0,0,0,0,0,0,0,0,0,0,0
"RNY4-10455",0,0,0,0,0,0,0,0,0,0,0,0,0,0,0,0,0,0
"RNY4-10470",0,0,0,0,0,0,0,0,0,0,0,0,0,0,0,0,0,0
"RNY4-10501",0,0,0,0,0,0,0,0,0,0,0,0,0,0,0,0,0,0
"RNY4-10508",0,0,0,0,0,0,0,0,0,0,0,0,0,0,0,0,0,0
"RNY4-10509",0,0,0,0,0,0,0,0,0,0,0,0,0,0,0,0,0,0
"RNY4-10624",0,0,0,0,0,0,0,0,0,0,0,0,0,0,0,0,0,0
"RNY4-10648",0,0,0,0,0,0,0,0,0,0,0,0,0,0,0,0,0,0
"RNY4-10704",0,0,0,0,0,0,0,0,0,0,0,0,0,0,0,0,0,0
"RNY4-10925",0,0,0,0,0,0,0,0,0,0,0,0,0,0,0,0,0,0
"RNY4-10982",0,0,0,0,0,0,0,0,0,0,0,0,0,0,0,0,0,0
"RNY4-10989",0,0,0,0,0,0,0,0,0,0,0,0,0,0,0,0,0,0
"RNY4-11006",0,0,0,0,0,0,0,0,0,0,0,0,0,0,0,0,0,0
"RNY4-11083",0,0,0,0,0,0,0,0,0,0,0,0,0,0,0,0,0,0
"RNY4-11103",0,0,0,0,0,0,0,0,0,0,0,0,0,0,0,0,0,0
"RNY4-11116",0,0,0,0,0,0,0,0,0,0,0,0,0,0,0,0,0,0
"RNY4-11135",0,0,0,0,0,0,0,0,0,0,0,0,0,0,0,0,0,0
"RNY4-11148",0,0,0,0,0,0,0,0,0,0,0,0,0,0,0,0,0,0
"RNY4-11151",0,0,0,0,0,0,0,0,0,0,0,0,0,0,0,0,0,0
"RNY4-11192",0,0,0,0,0,0,0,0,0,0,0,0,0,0,0,0,0,0
"RNY4-11292",0,0,0,0,0,0,0,0,0,0,0,0,0,0,0,0,0,0
"RNY4-11367",0,0,0,0,0,0,0,0,0,0,0,0,0,0,0,0,0,0
"RNY4-1141",0,0,0,0,0,0,0,0,0,0,0,0,0,1,0,0,0,0
"RNY4-11451",0,0,0,0,0,0,0,0,0,0,0,0,0,0,0,0,0,0
"RNY4-11466",0,0,0,0,0,0,0,0,0,0,0,0,0,0,0,0,0,0
"RNY4-11467",0,0,0,0,0,0,0,0,0,0,0,0,0,0,0,0,0,0
"RNY4-11469",0,0,0,0,0,0,0,0,0,0,0,0,0,0,0,0,0,0
"RNY4-11472",0,0,0,0,0,0,0,0,0,0,0,0,0,0,0,0,0,0
"RNY4-11474",0,0,0,0,0,0,0,0,0,0,0,0,0,0,0,0,0,0
"RNY4-11480",0,0,0,0,0,0,0,0,0,0,0,0,0,0,0,0,0,0
"RNY4-11485",0,0,0,0,0,0,0,0,0,0,0,0,0,0,0,0,0,0
"RNY4-11496",0,0,0,0,0,0,0,0,0,0,0,0,0,0,0,0,0,0
"RNY4-11498",0,0,0,0,0,0,0,0,0,0,0,0,0,0,0,0,0,0
"RNY4-11500",0,0,0,0,0,0,0,0,0,0,0,0,0,0,0,0,0,0
"RNY4-11516",0,0,0,0,0,0,0,0,0,0,0,0,0,0,0,0,0,0
"RNY4-11520",0,0,0,0,0,0,0,0,0,0,0,0,0,0,0,0,0,0
"RNY4-11535",0,0,0,0,0,0,0,0,0,0,0,0,0,0,0,0,0,0
"RNY4-11540",0,0,0,0,0,0,0,0,0,0,0,0,0,0,0,0,0,0
"RNY4-11550",0,0,0,0,0,0,0,0,0,0,0,0,0,0,0,0,0,0
"RNY4-11558",0,0,0,0,0,0,0,0,0,0,0,0,0,0,0,0,0,0
"RNY4-11559",0,0,0,0,0,0,0,0,0,0,0,0,0,0,0,0,0,0
"RNY4-11561",0,0,0,0,0,0,0,0,0,0,0,0,0,0,0,0,0,0
"RNY4-11567",0,0,0,0,0,0,0,0,0,0,0,0,0,0,0,0,0,0
"RNY4-11572",0,0,0,0,0,0,0,0,0,0,0,0,0,0,0,0,0,0
"RNY4-11589",0,0,0,0,0,0,0,0,0,0,0,0,0,0,0,0,0,0
"RNY4-11602",0,0,0,0,0,0,0,0,0,0,0,0,0,0,0,0,0,0
"RNY4-11603",0,0,0,0,0,0,0,0,0,0,0,0,0,0,0,0,0,0
"RNY4-11709",0,0,0,0,0,0,0,0,0,0,0,0,0,0,0,0,0,0
"RNY4-11760",0,0,0,0,0,0,0,0,0,0,0,0,0,0,0,0,0,0
"RNY4-11833",0,0,0,0,0,0,0,0,0,0,0,0,0,0,0,0,0,0
"RNY4-11836",0,0,0,0,0,0,0,0,0,0,0,0,0,0,0,0,0,0
"RNY4-11857",0,0,0,0,0,0,0,0,0,0,0,0,0,0,0,0,0,0
"RNY4-11866",0,0,0,0,0,0,0,0,0,0,0,0,0,0,0,0,0,0
"RNY4-11868",0,0,0,0,0,0,0,0,0,0,0,0,0,0,0,0,0,0
"RNY4-11875",0,0,0,0,0,0,0,0,0,0,0,0,0,0,0,0,0,0
"RNY4-11881",0,0,0,0,0,0,0,0,0,0,0,0,0,0,0,0,0,0
"RNY4-11946",0,0,0,0,0,0,0,0,0,0,0,0,0,0,0,0,0,0
"RNY4-12167",0,0,0,0,0,0,0,0,0,0,0,0,0,0,0,0,0,0
"RNY4-12235",0,0,0,0,0,0,0,0,0,0,0,0,0,0,0,0,0,0
"RNY4-12259",0,0,0,0,0,0,0,0,0,0,0,0,0,0,0,0,0,0
"RNY4-12501",0,0,0,0,0,0,0,0,0,0,0,0,0,0,0,0,0,0
"RNY4-12509",0,0,0,0,0,0,0,0,0,0,0,0,0,0,0,0,0,0
"RNY4-12515",0,0,0,0,0,0,0,0,0,0,0,0,0,0,0,0,0,0
"RNY4-12524",0,0,0,0,0,0,0,0,0,0,0,0,0,0,0,0,0,0
"RNY4-12525",0,0,0,0,0,0,0,0,0,0,0,0,0,0,0,0,0,0
"RNY4-12532",0,0,0,0,0,0,0,0,0,0,0,0,0,0,0,0,0,0
"RNY4-12538",0,0,0,0,0,0,0,0,0,0,0,0,0,0,0,0,0,0
"RNY4-12548",0,0,0,0,0,0,0,0,0,0,0,0,0,0,0,0,0,0
"RNY4-12549",0,0,0,0,0,0,0,0,0,0,0,0,0,0,0,0,0,0
"RNY4-12552",0,0,0,0,0,0,0,0,0,0,0,0,0,0,0,0,0,0
"RNY4-12580",0,0,0,0,0,0,0,0,0,0,0,0,0,0,0,0,0,0
"RNY4-12585",0,0,0,0,0,0,0,0,0,0,0,0,0,0,0,0,0,0
"RNY4-12586",0,0,0,0,0,0,0,0,0,0,0,0,0,0,0,0,0,0
"RNY4-12598",0,0,0,0,0,0,0,0,0,0,0,0,0,0,0,0,0,0
"RNY4-12599",0,0,0,0,0,0,0,0,0,0,0,0,0,0,0,0,0,0
"RNY4-12614",0,0,0,0,0,0,0,0,0,0,0,0,0,0,0,0,0,0
"RNY4-12619",0,0,0,0,0,0,0,0,0,0,0,0,0,0,0,0,0,0
"RNY4-12625",0,0,0,0,0,0,0,0,0,0,0,0,0,0,0,0,0,0
"RNY4-12647",0,0,0,0,0,0,0,0,0,0,0,0,0,0,0,0,0,0
"RNY4-12718",0,0,0,0,0,0,0,0,0,0,0,0,0,0,0,0,0,0
"RNY4-12719",0,0,0,0,0,0,0,0,0,0,0,0,0,0,0,0,0,0
"RNY4-12721",0,0,0,0,0,0,0,0,0,0,0,0,0,0,0,0,0,0
"RNY4-12821",0,0,0,0,0,0,0,0,0,0,0,0,0,0,0,0,0,0
"RNY4-12855",0,0,0,0,0,0,0,0,0,0,0,0,0,0,0,0,0,0
"RNY4-12873",0,0,0,0,0,0,0,0,0,0,0,0,0,0,0,0,0,0
"RNY4-12874",0,0,0,0,0,0,0,0,0,0,0,0,0,0,0,0,0,0
"RNY4-129",0,2,0,5,0,2,1,6,0,0,0,0,0,3,0,0,1,0
"RNY4-12900",0,0,0,0,0,0,0,0,0,0,0,0,0,0,0,0,0,0
"RNY4-12925",0,0,0,0,0,0,0,0,0,0,0,0,0,0,0,0,0,0
"RNY4-12929",0,0,0,0,0,0,0,0,0,0,0,0,0,0,0,0,0,0
"RNY4-12931",0,0,0,0,0,0,0,0,0,0,0,0,0,0,0,0,0,0
"RNY4-12934",0,0,0,0,0,0,0,0,0,0,0,0,0,0,0,0,0,0
"RNY4-12970",0,0,0,0,0,0,0,0,0,0,0,0,0,0,0,0,0,0
"RNY4-13022",0,0,0,0,0,0,0,0,0,0,0,0,0,1,0,0,0,0
"RNY4-13032",0,0,0,0,0,0,0,0,0,0,0,0,0,0,0,0,0,0
"RNY4-13036",0,0,0,0,0,0,0,0,0,0,0,0,0,0,0,0,0,0
"RNY4-13080",0,0,0,0,0,0,0,0,0,0,0,0,0,0,0,0,0,0
"RNY4-13088",0,0,0,0,0,2,0,1,0,1,2,1,0,2,0,0,0,0
"RNY4-13156",0,0,0,0,0,0,0,0,0,0,0,0,0,0,0,0,0,0
"RNY4-13166",0,0,0,0,0,0,0,0,0,0,0,0,0,0,0,0,0,0
"RNY4-13217",0,0,0,0,0,0,0,0,0,0,0,0,0,0,0,0,0,0
"RNY4-13228",0,0,0,0,0,0,0,0,0,0,0,0,0,0,0,0,0,0
"RNY4-13248",0,0,0,0,0,0,0,0,0,0,0,0,0,0,0,0,0,0
"RNY4-13252",0,0,0,0,0,0,0,0,0,0,0,0,0,0,0,0,0,0
"RNY4-13257",0,0,0,0,0,0,0,0,0,0,0,0,0,0,0,0,0,0
"RNY4-13315",0,0,0,0,0,0,0,0,0,0,0,0,0,0,0,0,0,0
"RNY4-13333",0,0,0,0,0,0,0,0,0,0,0,0,0,0,0,0,0,0
"RNY4-13350",0,0,0,0,0,0,0,0,0,0,0,0,0,0,0,0,0,0
"RNY4-13455",0,0,0,0,0,0,0,0,0,0,0,0,0,0,0,0,0,0
"RNY4-13630",0,0,0,0,0,0,0,0,0,0,0,0,0,0,0,0,0,0
"RNY4-13633",0,0,0,0,0,0,0,0,0,0,0,0,0,0,0,0,0,0
"RNY4-13665",0,0,0,0,0,0,0,0,0,0,0,0,0,0,0,0,0,0
"RNY4-13674",0,0,0,0,0,0,0,0,0,0,0,0,0,0,0,0,0,0
"RNY4-13683",0,0,0,0,0,0,0,0,0,0,0,0,0,0,0,0,0,0
"RNY4-13690",0,0,0,0,0,0,0,0,0,0,0,0,0,0,0,0,0,0
"RNY4-13697",0,0,0,0,0,0,0,0,0,0,0,0,0,0,0,0,0,0
"RNY4-13698",0,0,0,0,0,0,0,0,0,0,0,0,0,0,0,0,0,0
"RNY4-13704",0,0,0,0,0,0,0,0,0,0,0,0,0,0,0,0,0,0
"RNY4-13711",0,0,0,0,0,0,0,0,0,0,0,0,0,0,0,0,0,0
"RNY4-13734",0,0,0,0,0,0,0,0,0,0,0,0,0,0,0,0,0,0
"RNY4-13741",0,0,0,0,0,0,0,0,0,0,0,0,0,0,0,0,0,0
"RNY4-13743",0,0,0,0,0,0,0,0,0,0,0,0,0,0,0,0,0,0
"RNY4-13751",0,0,0,0,0,0,0,0,0,0,0,0,0,0,0,0,0,0
"RNY4-13752",0,0,0,0,0,0,0,0,0,0,0,0,0,0,0,0,0,0
"RNY4-13774",0,0,0,0,0,0,0,0,0,0,0,0,0,0,0,0,0,0
"RNY4-13775",0,0,0,0,0,0,0,0,0,0,0,0,0,0,0,0,0,0
"RNY4-13795",0,0,0,0,0,0,0,0,0,0,0,0,0,0,0,0,0,0
"RNY4-13797",0,0,0,0,0,0,0,0,0,0,0,0,0,0,0,0,0,0
"RNY4-13823",0,0,0,0,0,0,0,0,0,0,0,0,0,0,0,0,0,0
"RNY4-13824",0,0,0,0,0,0,0,0,0,0,0,0,0,0,0,0,0,0
"RNY4-13826",0,0,0,0,0,0,0,0,0,0,0,0,0,0,0,0,0,0
"RNY4-13828",0,0,0,0,0,0,0,0,0,0,0,0,0,0,0,0,0,0
"RNY4-13829",0,0,0,0,0,0,0,0,0,0,0,0,0,0,0,0,0,0
"RNY4-13830",0,0,0,0,0,0,0,0,0,0,0,0,0,0,0,0,0,0
"RNY4-13833",0,0,0,0,0,0,0,0,0,0,0,0,0,0,0,0,0,0
"RNY4-13834",0,0,0,0,0,0,0,0,0,0,0,0,0,0,0,0,0,0
"RNY4-13860",0,0,0,0,0,0,0,0,0,0,0,0,0,0,0,0,0,0
"RNY4-13861",0,0,0,0,0,0,0,0,0,0,0,0,0,0,0,0,0,0
"RNY4-13862",0,0,0,0,0,0,0,0,0,0,0,0,0,0,0,0,0,0
"RNY4-13865",0,0,0,0,0,0,0,0,0,0,0,0,0,0,0,0,0,0
"RNY4-13868",0,0,0,0,0,0,0,0,0,0,0,0,0,0,0,0,0,0
"RNY4-13871",0,0,0,0,0,0,0,0,0,0,0,0,0,0,0,0,0,0
"RNY4-13873",0,0,0,0,0,0,0,0,0,0,0,0,0,0,0,0,0,0
"RNY4-13875",0,0,0,0,0,0,0,0,0,0,0,0,0,0,0,0,0,0
"RNY4-13884",0,0,0,0,0,0,0,0,0,0,0,0,0,0,0,0,0,0
"RNY4-13896",0,0,0,0,0,0,0,0,0,0,0,0,0,0,0,0,0,0
"RNY4-13930",0,0,0,0,0,0,0,0,0,0,0,0,0,0,0,0,0,0
"RNY4-13938",0,0,0,0,0,0,0,0,0,0,0,0,0,0,0,0,0,0
"RNY4-13967",0,0,0,0,0,0,0,0,0,0,0,0,0,0,0,0,0,0
"RNY4-13969",0,0,0,0,0,0,0,0,0,0,0,0,0,0,0,0,0,0
"RNY4-13978",0,0,0,0,0,0,0,0,0,0,0,0,0,0,0,0,0,0
"RNY4-13982",0,0,0,0,0,0,0,0,0,0,0,0,0,0,0,0,0,0
"RNY4-13985",0,0,0,0,0,0,0,0,0,0,0,0,0,0,0,0,0,0
"RNY4-13988",0,0,0,0,0,0,0,0,0,0,0,0,0,0,0,0,0,0
"RNY4-13990",0,0,0,0,0,0,0,0,0,0,0,0,0,0,0,0,0,0
"RNY4-13992",0,0,0,0,0,0,0,0,0,0,0,0,0,0,0,0,0,0
"RNY4-13996",0,0,0,0,0,0,0,0,0,0,0,0,0,0,0,0,0,0
"RNY4-14000",0,0,0,0,0,0,0,0,0,0,0,0,0,0,0,0,0,0
"RNY4-14006",0,0,0,0,0,0,0,0,0,0,0,0,0,0,0,0,0,0
"RNY4-14007",0,0,0,0,0,0,0,0,0,0,0,0,0,0,0,0,0,0
"RNY4-14012",0,0,0,0,0,0,0,0,0,0,0,0,0,0,0,0,0,0
"RNY4-14015",0,0,0,0,0,0,0,0,0,0,0,0,0,0,0,0,0,0
"RNY4-14016",0,0,0,0,0,0,0,0,0,0,0,0,0,0,0,0,0,0
"RNY4-14018",0,0,0,0,0,0,0,0,0,0,0,0,0,0,0,0,0,0
"RNY4-14021",0,0,0,0,0,0,0,0,0,0,0,0,0,0,0,0,0,0
"RNY4-14027",0,0,0,0,0,0,0,0,0,0,0,0,0,0,0,0,0,0
"RNY4-14032",0,0,0,0,0,0,0,0,0,0,0,0,0,0,0,0,0,0
"RNY4-14033",0,0,0,0,0,0,0,0,0,0,0,0,0,0,0,0,0,0
"RNY4-14034",0,0,0,0,0,0,0,0,0,0,0,0,0,0,0,0,0,0
"RNY4-14037",0,0,0,0,0,0,0,0,0,0,0,0,0,0,0,0,0,0
"RNY4-14043",0,0,0,0,0,0,0,0,0,0,0,0,0,0,0,0,0,0
"RNY4-14044",0,0,0,0,0,0,0,0,0,0,0,0,0,0,0,0,0,0
"RNY4-14055",0,0,0,0,0,0,0,0,0,0,0,0,0,0,0,0,0,0
"RNY4-14057",0,0,0,0,0,0,0,0,0,0,0,0,0,0,0,0,0,0
"RNY4-14058",0,0,0,0,0,0,0,0,0,0,0,0,0,0,0,0,0,0
"RNY4-14065",0,0,0,0,0,0,0,0,0,0,0,0,0,0,0,0,0,0
"RNY4-14067",0,0,0,0,0,0,0,0,0,0,0,0,0,0,0,0,0,0
"RNY4-14068",0,0,0,0,0,0,0,0,0,0,0,0,0,0,0,0,0,0
"RNY4-14069",0,0,0,0,0,0,0,0,0,0,0,0,0,0,0,0,0,0
"RNY4-14070",0,0,0,0,0,0,0,0,0,0,0,0,0,0,0,0,0,0
"RNY4-14071",0,0,0,0,0,0,0,0,0,0,0,0,0,0,0,0,0,0
"RNY4-14079",0,0,0,0,0,0,0,0,0,0,0,0,0,0,0,0,0,0
"RNY4-14081",0,0,0,0,0,0,0,0,0,0,0,0,0,0,0,0,0,0
"RNY4-14082",0,0,0,0,0,0,0,0,0,0,0,0,0,0,1,0,0,0
"RNY4-14083",0,0,0,0,0,0,0,0,0,0,0,0,0,0,0,0,0,0
"RNY4-14084",0,0,0,0,0,0,0,0,0,0,0,0,0,0,0,0,0,0
"RNY4-14085",0,0,0,0,0,0,0,0,0,0,0,0,0,0,0,0,0,0
"RNY4-14086",0,0,0,0,0,0,0,0,0,0,0,0,0,0,0,0,0,0
"RNY4-14096",0,0,0,0,0,0,0,0,0,0,0,0,0,0,0,0,0,0
"RNY4-14097",0,0,0,0,0,0,0,0,0,0,0,0,0,0,0,0,0,0
"RNY4-14101",0,0,0,0,0,0,0,0,0,0,0,0,0,0,0,0,0,0
"RNY4-14112",0,0,0,0,0,0,0,0,0,0,0,0,0,0,0,0,0,0
"RNY4-14114",0,0,0,0,0,0,0,0,0,0,0,0,0,0,0,0,0,0
"RNY4-14116",0,0,0,0,0,0,0,0,0,0,0,0,0,0,0,0,0,0
"RNY4-14118",0,0,0,0,0,0,0,0,0,0,0,0,0,0,0,0,0,0
"RNY4-14120",0,0,0,0,0,0,0,0,0,0,0,0,0,0,0,0,0,0
"RNY4-14121",0,0,0,0,0,0,0,0,0,0,0,0,0,0,0,0,0,0
"RNY4-14122",0,0,0,0,0,0,0,0,0,0,0,0,0,0,0,0,0,0
"RNY4-14124",0,0,0,0,0,0,0,0,0,0,0,0,0,0,0,0,0,0
"RNY4-14125",0,0,0,0,0,0,0,0,0,0,0,0,0,0,0,0,0,0
"RNY4-14127",0,0,0,0,0,0,0,0,0,0,0,0,0,0,0,0,0,0
"RNY4-14128",0,0,0,0,0,0,0,0,0,0,0,0,0,0,0,0,0,0
"RNY4-14129",0,0,0,0,0,0,0,0,0,0,0,0,0,0,0,0,0,0
"RNY4-14153",0,0,0,0,0,0,0,0,0,0,0,0,0,0,0,0,0,0
"RNY4-14154",0,0,0,0,0,0,0,0,0,0,0,0,0,0,0,0,0,0
"RNY4-14158",0,0,0,0,0,0,0,0,0,0,0,0,0,0,0,0,0,0
"RNY4-14165",0,0,0,0,0,0,0,0,0,0,0,0,0,0,0,0,0,0
"RNY4-14167",0,0,0,0,0,0,0,0,0,0,0,0,0,0,0,0,0,0
"RNY4-14168",0,0,0,0,0,0,0,0,0,0,0,0,0,0,0,0,0,0
"RNY4-14169",0,0,0,0,0,0,0,0,0,0,0,0,0,0,0,0,0,0
"RNY4-14173",0,0,0,0,0,0,0,0,0,0,0,0,0,0,0,0,0,0
"RNY4-14174",0,0,0,0,0,0,0,0,0,0,0,0,0,0,0,0,0,0
"RNY4-14195",0,0,0,0,0,0,0,0,0,0,0,0,0,0,0,0,0,0
"RNY4-14218",0,0,0,0,0,0,0,0,0,0,0,0,0,0,0,0,0,0
"RNY4-14222",0,0,0,0,0,0,0,0,0,0,0,0,0,0,0,0,0,0
"RNY4-14240",0,0,0,0,0,0,0,0,0,0,0,0,0,0,0,0,0,0
"RNY4-14243",0,0,0,0,0,0,0,0,0,0,0,0,0,0,0,0,0,0
"RNY4-14250",0,0,0,0,0,0,0,0,0,0,0,0,0,0,0,0,0,0
"RNY4-14258",0,0,0,0,0,0,0,0,0,0,0,0,0,0,0,0,0,0
"RNY4-14259",0,0,0,0,0,0,0,0,0,0,0,0,0,0,0,0,0,0
"RNY4-14262",0,0,0,0,0,0,0,0,0,0,0,0,0,0,0,0,0,0
"RNY4-14263",0,0,0,0,0,0,0,0,0,0,0,0,0,0,0,0,0,0
"RNY4-14276",0,0,0,0,0,0,0,0,0,0,0,0,0,0,0,0,0,0
"RNY4-14284",0,0,0,0,0,0,0,0,0,0,0,0,0,0,0,0,0,0
"RNY4-14302",0,0,0,0,0,0,0,0,0,0,0,0,0,0,0,0,0,0
"RNY4-14304",0,0,0,0,0,0,0,0,0,0,0,0,0,0,0,0,0,0
"RNY4-14321",0,0,0,0,0,0,0,0,0,0,0,0,0,0,0,0,0,0
"RNY4-14329",0,0,0,0,0,0,0,0,0,0,0,0,0,0,0,0,0,0
"RNY4-14331",0,0,0,0,0,0,0,0,0,0,0,0,0,0,0,0,0,0
"RNY4-14332",0,0,0,0,0,0,0,0,0,0,0,0,0,0,0,0,0,0
"RNY4-14333",0,0,0,0,0,0,0,0,0,0,0,0,0,0,0,0,0,0
"RNY4-14340",0,0,0,0,0,0,0,0,0,0,0,0,0,0,0,0,0,0
"RNY4-14351",0,0,0,0,0,0,0,0,0,0,0,0,0,0,0,0,0,0
"RNY4-14352",0,0,0,0,0,0,0,0,0,0,0,0,0,0,0,0,0,0
"RNY4-14354",0,0,0,0,0,0,0,0,0,0,0,0,0,0,0,0,0,0
"RNY4-14375",0,0,0,0,0,0,0,0,0,0,0,0,0,0,0,0,0,0
"RNY4-14577",0,0,0,0,0,0,0,0,0,0,0,0,0,0,0,0,0,0
"RNY4-14578",0,0,0,0,0,0,0,0,0,0,0,0,0,0,0,0,0,0
"RNY4-14579",0,0,0,0,0,0,0,0,0,0,0,0,0,0,0,0,0,0
"RNY4-14581",0,0,0,0,0,0,0,0,0,0,0,0,0,0,0,0,0,0
"RNY4-14587",0,0,0,0,0,0,0,0,0,0,0,0,0,0,0,0,0,0
"RNY4-14589",0,0,0,0,0,0,0,0,0,0,0,0,0,0,0,0,0,0
"RNY4-14607",0,0,0,0,0,0,0,0,0,0,0,0,0,0,0,0,0,0
"RNY4-14621",0,0,0,0,0,0,0,0,0,0,0,0,0,0,0,0,0,0
"RNY4-14623",0,0,0,0,0,0,0,0,0,0,0,0,0,0,0,0,0,0
"RNY4-14651",0,0,0,0,0,0,0,0,0,0,0,0,0,0,0,0,0,0
"RNY4-14679",0,0,0,0,0,0,0,0,0,0,0,0,0,0,0,0,0,0
"RNY4-14683",0,0,0,0,0,0,0,0,0,0,0,0,0,0,0,0,0,0
"RNY4-1471",0,0,0,1,0,0,0,0,0,0,0,0,0,0,0,0,0,0
"RNY4-14722",0,0,0,0,0,0,0,0,0,0,0,0,0,0,0,0,0,0
"RNY4-14753",0,0,0,0,0,0,0,0,0,0,0,0,0,0,0,0,0,0
"RNY4-14755",0,0,0,0,0,0,0,0,0,0,0,0,0,0,0,0,0,0
"RNY4-14761",0,0,0,0,0,0,0,0,0,0,0,0,0,0,0,0,0,0
"RNY4-14847",0,0,0,0,0,0,0,0,0,0,0,0,0,0,0,0,0,0
"RNY4-14906",0,0,0,0,0,0,0,0,0,0,0,0,0,0,0,0,0,0
"RNY4-14924",0,0,0,0,0,0,0,0,0,0,0,0,0,0,0,0,0,0
"RNY4-15067",0,0,0,0,0,0,0,0,0,0,0,0,0,0,0,0,0,0
"RNY4-15086",0,0,0,0,0,0,0,0,0,0,0,0,0,0,0,0,0,0
"RNY4-15089",0,0,0,0,0,0,0,0,0,0,0,0,0,0,0,0,0,0
"RNY4-15092",0,0,0,0,0,0,0,0,0,0,0,0,0,0,0,0,0,0
"RNY4-15138",0,0,0,0,0,0,0,0,0,0,0,0,0,0,0,0,0,0
"RNY4-15139",0,0,0,0,0,0,0,0,0,0,0,0,0,0,0,0,0,0
"RNY4-15157",0,0,0,0,0,0,0,0,0,0,0,0,0,0,0,0,0,0
"RNY4-1516",0,0,0,0,0,0,0,0,0,0,0,0,0,0,0,0,0,0
"RNY4-15184",0,0,0,0,0,0,0,0,0,0,0,0,0,0,0,0,0,0
"RNY4-15234",0,0,0,0,0,0,0,0,0,0,0,0,0,0,0,0,0,0
"RNY4-15240",0,0,0,0,0,0,0,0,0,0,0,0,0,0,0,0,0,0
"RNY4-15247",0,0,0,0,0,0,0,0,0,0,0,0,0,0,0,0,0,0
"RNY4-15250",0,0,0,0,0,0,0,0,0,0,0,0,0,0,0,0,0,0
"RNY4-15253",0,0,0,0,0,0,0,0,0,0,0,0,0,0,0,0,0,0
"RNY4-15265",0,0,0,0,0,0,0,0,0,0,0,0,0,0,0,0,0,0
"RNY4-15267",0,0,0,0,0,0,0,0,0,0,0,0,0,0,0,0,0,0
"RNY4-15330",0,0,0,0,0,0,0,0,0,0,0,0,0,0,0,0,0,0
"RNY4-15342",0,0,0,0,0,0,0,0,0,0,0,0,0,0,0,0,0,0
"RNY4-15391",0,0,0,0,0,0,0,0,0,0,0,0,0,0,0,0,0,0
"RNY4-15410",0,0,0,0,0,0,0,0,0,0,0,0,0,0,0,0,0,0
"RNY4-15483",0,0,0,0,0,0,0,0,0,0,0,0,0,0,0,0,0,0
"RNY4-15496",0,0,0,0,0,0,0,0,0,0,0,0,0,0,0,0,0,0
"RNY4-15512",0,0,0,0,0,0,0,0,0,0,0,0,0,0,0,0,0,0
"RNY4-15514",0,0,0,0,0,0,0,0,0,0,0,0,0,0,0,0,0,0
"RNY4-15530",0,0,0,0,0,0,0,0,0,0,0,0,0,0,0,0,0,0
"RNY4-15535",0,0,0,0,0,0,0,0,0,0,0,0,0,0,0,0,0,0
"RNY4-15560",0,0,0,0,0,0,0,0,0,0,0,0,0,0,0,0,0,0
"RNY4-15663",0,0,0,0,0,0,0,0,0,0,0,0,0,0,0,0,0,0
"RNY4-15683",0,0,0,0,0,0,0,0,0,0,0,0,0,0,0,0,0,0
"RNY4-15684",0,0,0,0,0,0,0,0,0,0,0,0,0,0,0,0,0,0
"RNY4-15685",0,0,0,0,0,0,0,0,0,0,0,0,0,0,0,0,0,0
"RNY4-15705",0,0,0,0,0,0,0,0,0,0,0,0,0,0,0,0,0,0
"RNY4-15708",0,0,0,0,0,0,0,0,0,0,0,0,0,0,0,0,0,0
"RNY4-15710",0,0,0,0,0,0,0,0,0,0,0,0,0,0,0,0,0,0
"RNY4-15711",0,0,0,0,0,0,0,0,0,0,0,0,0,0,0,0,0,0
"RNY4-15734",0,0,0,0,0,0,0,0,0,0,0,0,0,0,0,0,0,0
"RNY4-15738",0,0,0,0,0,0,0,0,0,0,0,0,0,0,0,0,0,0
"RNY4-15751",0,0,0,0,0,0,0,0,0,0,0,0,0,0,0,0,0,0
"RNY4-15758",0,0,0,0,0,0,0,0,0,0,0,0,0,0,0,0,0,0
"RNY4-15769",0,0,0,0,0,0,0,0,0,0,0,0,0,0,0,0,0,0
"RNY4-15835",0,0,0,0,0,0,0,0,0,0,0,0,0,0,0,0,0,0
"RNY4-15841",0,0,0,0,0,0,0,0,0,0,0,0,0,0,0,0,0,0
"RNY4-15852",0,0,0,0,0,0,0,0,0,0,0,0,0,0,0,0,0,0
"RNY4-15879",0,0,0,0,0,0,0,0,0,0,0,0,0,0,0,0,0,0
"RNY4-15898",0,0,0,0,0,0,0,0,0,0,0,0,0,0,0,0,0,0
"RNY4-15920",0,0,0,0,0,0,0,0,0,0,0,0,0,0,0,0,0,0
"RNY4-15923",0,0,0,0,0,0,0,0,0,0,0,0,0,0,0,0,0,0
"RNY4-15950",0,0,0,0,0,0,0,0,0,0,0,0,0,0,0,0,0,0
"RNY4-16023",0,0,0,0,0,0,0,0,0,0,0,0,0,0,0,0,0,0
"RNY4-16024",0,0,0,0,0,0,0,0,0,0,0,0,0,0,0,0,0,0
"RNY4-16028",0,0,0,0,0,2,0,0,0,0,0,0,0,0,0,0,0,0
"RNY4-16038",0,0,0,0,0,0,0,0,0,0,0,0,0,0,0,0,0,0
"RNY4-16046",0,0,0,0,0,0,0,0,0,0,0,0,0,0,0,0,0,0
"RNY4-16047",0,0,0,0,0,0,0,0,0,0,0,0,0,0,0,0,0,0
"RNY4-16170",0,0,0,0,0,0,0,0,0,0,0,0,0,0,0,0,0,0
"RNY4-16211",0,0,0,0,0,0,0,0,0,0,0,0,0,0,0,0,0,0
"RNY4-16262",0,0,0,0,0,0,0,0,0,0,0,0,0,0,0,0,0,0
"RNY4-16284",0,0,0,0,0,0,0,0,0,0,0,0,0,0,0,0,0,0
"RNY4-16305",0,0,0,0,0,0,0,0,0,0,0,0,0,0,0,0,0,0
"RNY4-16332",0,0,0,0,0,0,0,0,0,0,0,0,0,0,0,0,0,0
"RNY4-16361",0,0,0,0,0,0,0,0,0,0,0,0,0,0,0,0,0,0
"RNY4-16475",0,0,0,0,0,0,0,0,0,0,0,0,0,0,0,0,0,0
"RNY4-16476",0,0,0,0,0,0,0,0,0,0,0,0,0,0,0,0,0,0
"RNY4-16477",0,0,0,0,0,0,0,0,0,0,0,0,0,0,0,0,0,0
"RNY4-16484",0,0,0,0,0,0,0,0,0,0,0,0,0,0,0,0,0,0
"RNY4-16503",0,0,0,0,0,0,0,0,0,0,0,0,0,0,0,0,0,0
"RNY4-16527",0,0,0,0,1,0,1,2,0,1,0,3,1,0,0,0,0,0
"RNY4-16549",0,0,0,0,0,0,0,0,0,0,0,0,0,0,0,0,0,0
"RNY4-16562",0,0,0,0,0,0,0,0,0,0,0,0,0,0,0,0,0,0
"RNY4-16568",0,0,0,0,0,0,0,0,0,0,0,0,0,0,0,0,0,0
"RNY4-16605",0,0,0,0,0,0,0,0,0,0,0,0,0,0,0,0,0,0
"RNY4-16607",0,0,0,0,0,0,0,0,0,0,0,0,0,0,0,0,0,0
"RNY4-16610",0,0,0,0,0,0,0,0,0,0,0,0,0,0,0,0,0,0
"RNY4-16611",0,0,0,0,0,0,0,0,0,0,0,0,0,0,0,0,0,0
"RNY4-16613",0,0,0,0,0,0,0,0,0,0,0,0,0,0,0,0,0,0
"RNY4-16622",0,0,0,0,0,0,0,0,0,0,0,0,0,0,0,0,0,0
"RNY4-16640",0,0,0,0,0,0,0,0,0,0,0,0,0,0,0,0,0,0
"RNY4-16645",0,0,0,0,0,0,0,0,0,0,0,0,0,0,0,0,0,0
"RNY4-16646",0,0,0,0,0,0,0,0,0,0,0,0,0,0,0,0,0,0
"RNY4-16647",0,0,0,0,0,0,0,0,0,0,0,0,0,0,0,0,0,0
"RNY4-16651",0,0,0,0,0,0,0,0,0,0,0,0,0,0,0,0,0,0
"RNY4-16658",0,0,0,0,0,0,0,0,0,0,0,0,0,0,0,0,0,0
"RNY4-16660",0,0,0,0,0,0,0,0,0,0,0,0,0,0,0,0,0,0
"RNY4-16662",0,0,0,0,0,0,0,0,0,0,0,0,0,0,0,0,0,0
"RNY4-16665",0,0,0,0,0,0,0,0,0,0,0,0,0,0,0,0,0,0
"RNY4-16668",0,0,0,0,0,0,0,0,0,0,0,0,0,0,0,0,0,0
"RNY4-16677",0,0,0,0,0,0,0,0,0,0,0,0,0,0,0,0,0,0
"RNY4-16679",0,0,0,0,0,0,0,0,0,0,0,0,0,0,0,0,0,0
"RNY4-16683",0,0,0,0,0,0,0,0,0,0,0,0,0,0,0,0,0,0
"RNY4-16685",0,0,0,0,0,0,0,0,0,0,0,0,0,0,0,0,0,0
"RNY4-16689",0,0,0,0,0,0,0,0,0,0,0,0,0,0,0,0,0,0
"RNY4-16690",0,0,0,0,0,0,0,0,0,0,0,0,0,0,0,0,0,0
"RNY4-16695",0,0,0,0,0,0,0,0,0,0,0,0,0,0,0,0,0,0
"RNY4-16763",0,0,0,0,0,0,0,0,0,0,0,0,0,0,0,0,0,0
"RNY4-16766",0,0,0,0,0,0,0,0,0,0,0,0,0,0,0,0,0,0
"RNY4-168",0,3,0,29,0,11,3,7,0,3,4,6,3,1,1,3,5,0
"RNY4-16858",0,0,0,0,0,0,0,0,0,0,0,0,0,0,0,0,0,0
"RNY4-16859",0,0,0,0,0,0,0,0,0,0,0,0,0,0,0,0,0,0
"RNY4-16866",0,0,0,0,0,0,0,0,0,0,0,0,0,0,0,0,0,0
"RNY4-16869",0,0,0,0,0,0,0,0,0,0,0,0,0,0,0,0,0,0
"RNY4-16870",0,0,0,0,0,0,0,0,0,0,0,0,0,0,0,0,0,0
"RNY4-16874",0,0,0,0,0,0,0,0,0,0,0,0,0,0,0,0,0,0
"RNY4-16875",0,0,0,0,0,0,0,0,0,0,0,0,0,0,0,0,0,0
"RNY4-16879",0,0,0,0,0,0,0,0,0,0,0,0,0,0,0,0,0,0
"RNY4-16880",0,0,0,0,0,0,0,0,0,0,0,0,0,0,0,0,0,0
"RNY4-16887",0,0,0,0,0,0,0,0,0,0,0,0,0,0,0,0,0,0
"RNY4-16890",0,0,0,0,0,0,0,0,0,0,0,0,0,0,0,0,0,0
"RNY4-16891",0,0,0,0,0,0,0,0,0,0,0,0,0,0,0,0,0,0
"RNY4-16892",0,0,0,0,0,0,0,0,0,0,0,0,0,0,0,0,0,0
"RNY4-16907",0,0,0,0,0,0,0,0,0,0,0,0,0,0,0,0,0,0
"RNY4-16914",0,0,0,0,0,0,0,0,0,0,0,0,0,0,0,0,0,0
"RNY4-16927",0,0,0,0,0,0,0,0,0,0,0,0,0,0,0,0,0,0
"RNY4-16928",0,0,0,0,0,0,0,0,0,0,0,0,0,0,0,0,0,0
"RNY4-16929",0,0,0,0,0,0,0,0,0,0,0,0,0,0,0,0,0,0
"RNY4-16934",0,0,0,0,0,0,0,0,0,0,0,0,0,0,0,0,0,0
"RNY4-16939",0,0,0,0,0,0,0,0,0,0,0,0,0,0,0,0,0,0
"RNY4-16950",0,0,0,0,0,0,0,0,0,0,0,0,0,0,0,0,0,0
"RNY4-16952",0,0,0,0,0,0,0,0,0,0,0,0,0,0,0,0,0,0
"RNY4-16957",0,0,0,0,0,0,0,0,0,0,0,0,0,0,0,0,0,0
"RNY4-16961",0,0,0,0,0,0,0,0,0,0,0,0,0,0,0,0,0,0
"RNY4-16984",0,0,0,0,0,0,0,0,0,0,0,0,0,0,0,0,0,0
"RNY4-16985",0,0,0,0,0,0,0,0,0,0,0,0,0,0,0,0,0,0
"RNY4-16986",0,0,0,0,0,0,0,0,0,0,0,0,0,0,0,0,0,0
"RNY4-17010",0,0,0,0,0,0,0,0,0,0,0,0,0,0,0,0,0,0
"RNY4-17013",0,0,0,0,0,0,0,0,0,0,0,0,0,0,0,0,0,0
"RNY4-17014",0,0,0,0,0,0,0,0,0,0,0,0,0,0,0,0,0,0
"RNY4-17019",0,0,0,0,0,0,0,0,0,0,0,0,0,0,0,0,0,0
"RNY4-17027",0,0,0,0,0,0,0,0,0,0,0,0,0,0,0,0,0,0
"RNY4-17032",0,0,0,0,0,0,0,0,0,0,0,0,0,0,0,0,0,0
"RNY4-17054",0,0,0,0,0,0,0,0,0,0,0,0,0,0,0,0,0,0
"RNY4-17085",0,0,0,0,0,0,0,0,0,0,0,0,0,0,0,0,0,0
"RNY4-17089",0,0,0,0,0,0,0,0,0,0,0,0,0,0,0,0,0,0
"RNY4-17129",0,0,0,0,0,0,0,0,0,0,0,0,0,0,0,0,0,0
"RNY4-17169",0,0,0,0,0,0,0,0,0,0,0,0,0,0,0,0,0,0
"RNY4-17189",0,0,0,0,0,0,0,0,0,0,0,0,0,0,0,0,0,0
"RNY4-17198",0,0,0,0,0,0,0,0,0,0,0,0,0,0,0,0,0,0
"RNY4-17220",0,0,0,0,0,0,0,0,0,0,0,0,0,0,0,0,0,0
"RNY4-17247",0,0,0,0,0,0,0,0,0,0,0,0,0,0,0,0,0,0
"RNY4-17269",0,0,0,0,0,0,0,0,0,0,0,0,0,0,0,0,0,0
"RNY4-17279",0,0,0,0,0,0,0,0,0,0,0,0,0,0,0,0,0,0
"RNY4-17314",0,0,0,0,0,0,0,0,0,0,0,0,0,0,0,0,0,0
"RNY4-17328",0,0,0,0,0,0,0,0,0,0,0,0,0,0,0,0,0,0
"RNY4-17329",0,0,0,0,0,0,0,0,0,0,0,0,0,0,0,0,0,0
"RNY4-17330",0,0,0,0,0,0,0,0,0,0,0,0,0,0,0,0,0,0
"RNY4-17357",0,0,0,0,0,0,0,0,0,0,0,0,0,0,0,0,0,0
"RNY4-17376",0,0,0,0,0,0,0,0,0,0,0,0,0,0,0,0,0,0
"RNY4-17377",0,0,0,0,0,0,0,0,0,0,0,0,0,0,0,0,0,0
"RNY4-17416",0,0,0,0,0,0,0,0,0,0,0,0,0,0,0,0,0,0
"RNY4-17419",0,0,0,0,0,0,0,0,0,0,0,0,0,0,0,0,0,0
"RNY4-17420",0,0,0,0,0,0,0,0,0,0,0,0,0,0,0,0,0,0
"RNY4-17423",0,0,0,0,0,0,0,0,0,0,0,0,0,0,0,0,0,0
"RNY4-17425",0,0,0,0,0,0,0,0,0,0,0,0,0,0,0,0,0,0
"RNY4-17426",0,0,0,0,0,0,0,0,0,0,0,0,0,0,0,0,0,0
"RNY4-17437",0,0,0,0,0,0,0,0,0,0,0,0,0,0,0,0,0,0
"RNY4-17485",0,0,0,0,0,0,0,0,0,0,0,0,0,0,0,0,0,0
"RNY4-17487",0,0,0,0,0,0,0,0,0,0,0,0,0,0,0,0,0,0
"RNY4-17488",0,0,0,0,0,0,0,0,0,0,0,0,0,0,0,0,0,0
"RNY4-17490",0,0,0,0,0,0,0,0,0,0,0,0,0,0,0,0,0,0
"RNY4-17500",0,0,0,0,0,0,0,0,0,0,0,0,0,0,0,0,0,0
"RNY4-17501",0,0,0,0,0,0,0,0,0,0,0,0,0,0,0,0,0,0
"RNY4-17509",0,0,0,0,0,0,0,0,0,0,0,0,0,0,0,0,0,0
"RNY4-17547",0,0,0,0,0,0,0,0,0,0,0,0,0,0,0,0,0,0
"RNY4-17551",0,0,0,0,0,0,0,0,0,0,0,0,0,0,0,0,0,0
"RNY4-17553",0,0,0,0,0,0,0,0,0,0,0,0,0,0,0,0,0,0
"RNY4-17557",0,0,0,0,0,0,0,0,0,0,0,0,0,0,0,0,0,0
"RNY4-17559",0,0,0,0,0,0,0,0,0,0,0,0,0,0,0,0,0,0
"RNY4-17562",0,0,0,0,0,0,0,0,0,0,0,0,0,0,0,0,0,0
"RNY4-17565",0,0,0,0,0,0,0,0,0,0,0,0,0,0,0,0,0,0
"RNY4-17566",0,0,0,0,0,0,0,0,0,0,0,0,0,0,0,0,0,0
"RNY4-17571",0,0,0,0,0,0,0,0,0,0,0,0,0,0,0,0,0,0
"RNY4-17572",0,0,0,0,0,0,0,0,0,0,0,0,0,0,0,0,0,0
"RNY4-17573",0,0,0,0,0,0,0,0,0,0,0,0,0,0,0,0,0,0
"RNY4-17575",0,0,0,0,0,0,0,0,0,0,0,0,0,0,0,0,0,0
"RNY4-17576",0,0,0,0,0,0,0,0,0,0,0,0,0,0,0,0,0,0
"RNY4-17577",0,0,0,0,0,0,0,0,0,0,0,0,0,0,0,0,0,0
"RNY4-17583",0,0,0,0,0,0,0,0,0,0,0,0,0,0,0,0,0,0
"RNY4-17584",0,0,0,0,0,0,0,0,0,0,0,0,0,0,0,0,0,0
"RNY4-17586",0,0,0,0,0,0,0,0,0,0,0,0,0,0,0,0,0,0
"RNY4-17593",0,0,0,0,0,0,0,0,0,0,0,0,0,0,0,0,0,0
"RNY4-17596",0,0,0,0,0,0,0,0,0,0,0,0,0,0,0,0,0,0
"RNY4-17604",0,0,0,0,0,0,0,0,0,0,0,0,0,0,0,0,0,0
"RNY4-17606",0,0,0,0,0,0,0,0,0,0,0,0,0,0,0,0,0,0
"RNY4-17607",0,0,0,0,0,0,0,0,0,0,0,0,0,0,0,0,0,0
"RNY4-17608",0,0,0,0,0,0,0,0,0,0,0,0,0,0,0,0,0,0
"RNY4-17637",0,0,0,0,0,0,0,0,0,0,0,0,0,0,0,0,0,0
"RNY4-17642",0,0,0,0,0,0,0,0,0,0,0,0,0,0,0,0,0,0
"RNY4-17645",0,0,0,0,0,0,0,0,0,0,0,0,0,0,0,0,0,0
"RNY4-17648",0,0,0,0,0,0,0,0,0,0,0,0,0,0,0,0,0,0
"RNY4-17658",0,0,0,0,0,0,0,0,0,0,0,0,0,0,0,0,0,0
"RNY4-17664",0,0,0,0,0,0,0,0,0,0,0,0,0,0,0,0,0,0
"RNY4-17665",0,0,0,0,0,0,0,0,0,0,0,0,0,0,0,0,0,0
"RNY4-17672",0,0,0,0,0,0,0,0,0,0,0,0,0,0,0,0,0,0
"RNY4-17678",0,0,0,0,0,0,0,0,0,0,0,0,0,0,0,0,0,0
"RNY4-17680",0,0,0,0,0,0,0,0,0,0,0,0,0,0,0,0,0,0
"RNY4-17681",0,0,0,0,0,0,0,0,0,0,0,0,0,0,0,0,0,0
"RNY4-17683",0,0,0,0,0,0,0,0,0,0,0,0,0,0,0,0,0,0
"RNY4-17684",0,0,0,0,0,0,0,0,0,0,0,0,0,0,0,0,0,0
"RNY4-17693",0,0,0,0,0,0,0,0,0,0,0,0,0,0,0,0,0,0
"RNY4-17699",0,0,0,0,0,0,0,0,0,0,0,0,0,0,0,0,0,0
"RNY4-17722",0,0,0,0,0,0,0,0,0,0,0,0,0,0,0,0,0,0
"RNY4-17736",0,0,0,0,0,0,0,0,0,0,0,0,0,0,0,0,0,0
"RNY4-17787",0,0,0,0,0,0,0,0,0,0,0,0,0,0,0,0,0,0
"RNY4-17812",0,0,0,0,0,0,0,0,0,0,0,0,0,0,0,0,0,0
"RNY4-17826",0,0,0,0,0,0,0,0,0,0,0,0,0,0,0,0,0,0
"RNY4-17906",0,0,0,0,0,0,0,0,0,0,0,0,0,0,0,0,0,0
"RNY4-1862",0,0,0,0,0,0,0,0,0,0,0,0,0,0,0,0,0,0
"RNY4-1887",0,0,0,0,0,0,0,0,0,0,0,0,0,0,0,0,0,0
"RNY4-1943",0,0,0,0,0,0,0,0,0,0,0,0,0,0,0,0,0,0
"RNY4-2264",0,0,0,0,2,1,0,3,0,0,0,2,0,0,1,0,0,0
"RNY4-2654",0,0,0,0,0,0,0,0,0,0,0,0,0,0,0,0,0,0
"RNY4-2725",0,0,0,0,0,0,0,0,0,0,0,0,0,0,0,0,0,0
"RNY4-2730",0,0,0,0,0,0,0,0,0,0,0,0,0,0,0,0,0,0
"RNY4-2965",0,0,0,0,0,0,0,0,0,0,0,0,0,0,0,0,0,0
"RNY4-3028",0,0,0,0,0,0,0,0,0,0,0,0,0,0,0,0,0,0
"RNY4-3037",0,0,0,0,0,0,0,0,0,0,0,0,0,0,0,0,0,0
"RNY4-3038",0,0,0,2,0,0,0,0,0,0,0,0,0,0,0,0,0,0
"RNY4-3046",0,0,0,0,0,0,0,0,0,0,0,0,0,0,0,0,0,0
"RNY4-306",0,0,2,11,0,0,1,0,0,2,1,3,0,0,0,0,0,0
"RNY4-3105",0,0,0,0,0,0,0,0,0,0,0,0,0,0,0,0,0,0
"RNY4-3311",0,0,0,0,0,0,0,0,0,0,0,0,0,0,0,0,0,0
"RNY4-3337",0,0,0,0,0,0,0,0,0,0,0,0,0,0,0,0,0,0
"RNY4-334",0,1,0,3,0,2,0,0,1,0,0,1,0,0,0,2,0,0
"RNY4-3421",0,0,0,0,0,0,0,0,0,0,0,0,0,0,0,0,0,0
"RNY4-3459",0,0,0,0,0,0,0,0,0,0,0,0,0,0,0,1,0,0
"RNY4-3530",0,0,0,1,0,0,0,0,0,0,0,0,0,0,0,0,0,0
"RNY4-3569",0,0,0,0,0,0,0,0,0,0,0,0,0,0,0,0,0,0
"RNY4-3619",0,0,0,0,0,0,0,0,0,0,0,0,0,0,0,0,0,0
"RNY4-3676",0,0,0,0,0,0,0,0,0,0,0,0,0,0,0,0,0,0
"RNY4-3695",0,0,0,0,0,0,0,0,0,0,0,0,0,0,0,0,0,0
"RNY4-3703",0,0,0,0,0,0,0,0,0,0,0,0,0,0,0,0,0,0
"RNY4-3713",0,0,0,0,0,0,0,0,0,0,0,0,0,0,0,0,0,0
"RNY4-3714",0,0,0,0,0,0,0,0,0,0,0,0,0,0,0,0,0,0
"RNY4-3728",0,0,0,0,0,0,0,0,0,0,0,0,0,0,0,0,0,0
"RNY4-3736",0,0,0,0,0,0,0,0,0,0,0,0,0,0,0,0,0,0
"RNY4-3760",0,0,0,0,0,0,0,0,0,0,0,0,0,0,0,0,0,0
"RNY4-3778",0,0,0,0,0,0,0,0,0,0,0,0,0,0,0,0,0,0
"RNY4-3806",0,1,0,0,2,0,0,3,0,0,0,0,0,0,0,0,0,0
"RNY4-3828",0,0,0,0,0,0,0,0,0,0,0,0,0,0,0,0,0,0
"RNY4-3838",0,0,0,0,0,0,0,1,0,0,0,0,0,0,0,0,0,0
"RNY4-3842",0,0,0,0,0,0,0,0,0,0,0,0,0,0,0,0,0,0
"RNY4-3844",0,0,0,0,0,0,0,0,0,0,0,0,0,0,0,0,0,0
"RNY4-3927",0,0,0,0,0,0,0,0,0,0,0,0,0,0,0,0,0,0
"RNY4-3994",0,0,0,0,0,0,0,0,0,0,0,0,0,0,0,0,0,0
"RNY4-3996",0,0,0,0,0,0,0,0,0,0,0,0,0,0,0,0,0,0
"RNY4-4027",0,0,0,0,0,0,0,0,0,0,0,0,0,0,0,0,0,0
"RNY4-4046",0,1,0,1,0,0,0,0,0,0,1,5,0,1,0,0,0,0
"RNY4-4078",0,0,0,0,0,0,0,0,0,0,0,0,0,0,0,0,0,0
"RNY4-4079",0,0,0,0,0,0,0,0,0,0,0,0,0,0,0,0,0,0
"RNY4-4097",0,0,0,0,0,0,0,0,0,0,0,0,0,0,0,0,0,0
"RNY4-4098",0,0,0,0,0,0,0,0,0,0,0,0,0,0,0,0,0,0
"RNY4-4101",0,0,0,0,0,0,0,0,0,0,0,0,0,0,0,0,0,0
"RNY4-4127",0,0,0,0,0,0,0,0,0,0,0,0,0,0,0,0,0,0
"RNY4-4192",0,0,0,0,0,0,0,0,0,0,0,0,0,0,0,0,0,0
"RNY4-4268",0,0,0,0,0,0,0,0,0,0,0,0,0,0,0,0,0,0
"RNY4-4272",0,0,0,0,0,0,0,0,0,0,0,0,0,0,0,0,0,0
"RNY4-432",0,0,0,0,0,0,1,0,0,0,0,0,0,0,0,0,0,0
"RNY4-4492",0,0,0,0,0,0,0,0,0,0,0,0,0,0,0,0,0,0
"RNY4-4503",0,0,0,0,0,1,0,0,0,0,0,0,0,0,0,0,0,0
"RNY4-4586",0,0,0,0,0,0,0,0,0,0,0,0,0,0,0,0,0,0
"RNY4-4598",0,0,0,0,0,0,0,0,0,0,0,0,0,0,0,0,0,0
"RNY4-4606",0,0,0,0,0,0,1,0,0,0,0,0,0,0,0,0,0,0
"RNY4-4607",0,0,0,0,0,0,0,0,0,0,0,0,0,0,0,0,0,0
"RNY4-4919",0,0,0,0,0,0,0,0,0,0,0,0,0,0,0,0,0,0
"RNY4-494",0,0,1,2,0,1,0,0,0,0,0,0,1,0,0,0,0,0
"RNY4-507",2,1,0,4,0,1,2,0,0,0,0,3,0,2,1,0,0,2
"RNY4-5077",0,0,0,0,0,2,0,0,0,0,0,0,0,0,0,0,0,0
"RNY4-5182",0,0,0,0,0,0,0,0,0,0,0,0,0,0,0,0,0,0
"RNY4-5217",0,0,0,0,0,0,0,0,0,0,0,0,0,0,0,0,0,0
"RNY4-5735",0,0,0,0,0,0,0,0,0,0,0,0,0,0,0,0,0,0
"RNY4-5767",0,0,0,0,0,0,0,0,0,0,0,0,0,0,0,0,0,0
"RNY4-577",0,0,0,2,0,2,0,0,1,0,1,4,0,1,0,0,2,2
"RNY4-5771",0,0,0,2,0,1,0,0,0,0,0,0,0,0,0,0,0,0
"RNY4-5824",0,0,0,0,0,0,0,0,0,0,0,0,0,0,0,0,0,0
"RNY4-5851",0,0,0,0,0,0,0,0,0,0,0,0,0,0,0,0,0,0
"RNY4-5860",0,0,0,0,0,0,0,0,0,0,0,0,0,0,0,0,0,0
"RNY4-5937",0,0,0,0,0,0,0,0,0,0,0,0,0,0,0,0,0,0
"RNY4-6003",0,0,0,0,0,0,0,0,0,0,0,0,0,0,0,0,0,0
"RNY4-6041",0,0,0,0,0,0,0,0,0,0,0,0,0,0,0,0,0,0
"RNY4-6052",0,0,0,0,0,0,0,0,0,0,0,0,0,0,0,0,0,0
"RNY4-6055",0,0,0,0,0,0,0,0,0,0,0,0,0,0,0,0,0,0
"RNY4-6097",0,0,0,0,0,0,0,0,0,0,0,0,0,0,0,0,0,0
"RNY4-6104",0,0,0,0,0,0,0,0,0,0,0,0,0,0,0,0,0,0
"RNY4-6105",0,0,0,0,0,0,0,0,0,0,0,0,0,0,0,0,0,0
"RNY4-6278",0,0,0,0,0,0,0,0,0,0,0,0,0,0,0,0,0,0
"RNY4-683",2,5,2,14,0,10,6,12,2,9,3,8,5,12,5,1,7,5
"RNY4-6857",0,0,0,0,0,0,0,0,0,0,0,0,0,0,0,0,0,0
"RNY4-689",0,0,0,1,0,0,0,2,0,0,0,2,0,0,1,0,0,4
"RNY4-7798",0,0,0,0,0,0,0,0,0,0,0,0,0,0,0,0,0,0
"RNY4-7858",0,0,0,0,0,0,0,0,0,0,0,0,0,0,0,0,0,0
"RNY4-7912",0,0,0,0,0,0,0,0,0,0,0,0,0,0,0,0,0,0
"RNY4-7937",0,0,0,0,0,0,0,0,0,0,0,0,0,0,0,0,0,0
"RNY4-80",2,6,3,38,0,8,3,8,1,5,3,6,0,7,0,2,1,5
"RNY4-8009",0,0,0,0,0,0,0,0,0,0,0,0,0,0,0,0,0,0
"RNY4-8081",0,0,0,0,0,0,0,0,0,0,0,0,0,0,0,0,0,0
"RNY4-8144",0,0,0,0,0,0,0,0,0,0,0,0,0,0,0,0,0,0
"RNY4-8148",0,0,0,0,0,0,0,0,0,0,0,0,0,0,0,0,0,0
"RNY4-8163",0,0,0,0,0,0,0,0,0,0,0,0,0,0,0,0,0,0
"RNY4-8195",0,0,0,0,0,0,0,0,0,0,0,0,0,0,0,0,0,0
"RNY4-8228",0,0,0,0,0,0,0,0,0,0,0,0,0,0,0,0,0,0
"RNY4-8229",0,0,0,0,0,0,0,0,0,0,0,0,0,0,0,0,0,0
"RNY4-8231",0,0,0,0,0,0,0,0,0,0,0,0,0,0,0,0,0,0
"RNY4-8272",0,0,0,0,0,0,0,0,0,0,0,0,0,0,0,0,0,0
"RNY4-8278",0,0,0,0,0,0,0,0,0,0,0,0,0,0,0,0,0,0
"RNY4-8346",0,0,0,0,0,0,0,0,0,0,0,0,0,0,0,0,0,0
"RNY4-8348",0,0,0,0,0,0,0,0,0,0,0,0,0,0,0,0,0,0
"RNY4-8349",0,0,0,0,0,0,0,0,0,0,0,0,0,0,0,0,0,0
"RNY4-8377",0,0,0,0,0,0,0,0,0,0,0,0,0,0,0,0,0,0
"RNY4-8403",0,0,0,0,0,0,0,0,0,0,0,0,0,0,0,0,0,0
"RNY4-8437",0,0,0,0,0,0,0,0,0,0,0,0,0,0,0,0,0,0
"RNY4-8441",0,0,0,0,0,0,0,0,0,0,0,0,0,0,0,0,0,0
"RNY4-8443",0,0,0,0,0,0,0,0,0,0,0,0,0,0,0,0,0,0
"RNY4-8460",0,0,0,0,0,0,0,0,0,0,0,0,0,0,0,0,0,0
"RNY4-8462",0,0,0,0,0,0,0,0,0,0,0,0,0,0,0,0,0,0
"RNY4-8488",0,0,0,0,0,0,0,0,0,0,0,0,0,0,0,0,0,0
"RNY4-8497",0,0,0,0,0,0,0,0,0,0,0,0,0,0,0,0,0,0
"RNY4-8531",0,0,0,0,0,0,0,0,0,0,0,0,0,0,0,0,0,0
"RNY4-8568",0,0,0,0,0,0,0,0,0,0,0,0,0,0,0,0,0,0
"RNY4-8571",0,0,0,0,0,0,0,0,0,0,0,0,0,0,0,0,0,0
"RNY4-8653",0,0,0,0,0,0,0,0,0,0,0,0,0,0,0,0,0,0
"RNY4-8675",0,0,0,0,0,0,0,0,0,0,0,0,0,0,0,0,0,0
"RNY4-8678",0,0,0,0,0,0,0,0,0,0,0,0,0,0,0,0,0,0
"RNY4-8743",0,0,0,0,0,0,0,0,0,0,0,0,0,0,0,0,0,0
"RNY4-8799",0,0,0,0,0,0,0,0,0,0,0,0,0,0,0,0,0,0
"RNY4-8804",0,0,0,0,0,0,0,0,0,0,0,0,0,0,0,0,0,0
"RNY4-8825",0,0,0,0,0,0,0,0,0,0,0,0,0,0,0,0,0,0
"RNY4-8857",0,0,0,0,0,0,0,0,0,0,0,0,0,0,0,0,0,0
"RNY4-8859",0,0,0,0,0,0,0,0,0,0,0,0,0,0,0,0,0,0
"RNY4-8862",0,0,0,0,0,0,0,0,0,0,0,0,0,0,0,0,0,0
"RNY4-8867",0,0,0,0,0,0,0,0,0,0,0,0,0,0,0,0,0,0
"RNY4-8876",0,0,0,0,0,0,0,0,0,0,0,0,0,0,0,0,0,0
"RNY4-8895",0,0,0,0,0,0,0,0,0,0,0,0,0,0,0,0,0,0
"RNY4-8904",0,0,0,0,0,0,0,0,0,0,0,0,0,0,0,0,0,0
"RNY4-8923",0,0,0,0,0,0,0,0,0,0,0,0,0,0,0,0,0,0
"RNY4-8927",0,0,0,0,0,0,0,0,0,0,0,0,0,0,0,0,0,0
"RNY4-8935",0,0,0,0,0,0,0,0,0,0,0,0,0,0,0,0,0,0
"RNY4-8938",0,0,0,0,0,0,0,0,0,0,0,0,0,0,0,0,0,0
"RNY4-8979",0,0,0,0,0,0,0,0,0,0,0,0,0,0,0,0,0,0
"RNY4-8981",0,0,0,0,0,0,0,0,0,0,0,0,0,0,0,0,0,0
"RNY4-8982",0,0,0,0,0,0,0,0,0,0,0,0,0,0,0,0,0,0
"RNY4-8993",0,0,0,0,0,0,0,0,0,0,0,0,0,0,0,0,0,0
"RNY4-9006",0,0,0,0,0,0,0,0,0,0,0,0,0,0,0,0,0,0
"RNY4-9025",0,0,0,2,0,0,0,0,0,0,1,0,0,0,0,0,0,0
"RNY4-9034",0,0,0,0,0,0,0,0,0,0,0,0,0,0,0,0,0,0
"RNY4-9046",0,0,0,0,0,0,0,0,0,0,0,0,0,0,0,0,0,0
"RNY4-9095",0,0,0,0,0,0,0,0,0,0,0,0,0,0,0,0,0,0
"RNY4-9109",0,0,0,0,0,0,0,0,0,0,0,0,0,0,0,0,0,0
"RNY4-9111",0,0,0,0,0,0,0,0,0,0,0,0,0,0,0,0,0,0
"RNY4-9116",0,0,0,0,0,0,0,0,0,0,0,0,0,0,0,0,0,0
"RNY4-9136",0,0,0,0,0,0,0,0,0,0,0,0,0,0,0,0,0,0
"RNY4-9206",0,0,0,0,0,0,0,0,0,0,0,0,0,0,0,0,0,0
"RNY4-9211",0,0,0,0,0,0,0,0,0,0,0,0,0,0,0,0,0,0
"RNY4-9224",0,0,0,0,0,0,0,0,0,0,0,0,0,0,0,0,0,0
"RNY4-9233",0,0,0,0,0,0,0,0,0,0,0,0,0,0,0,0,0,0
"RNY4-9234",0,0,0,0,0,0,0,0,0,0,0,0,0,0,0,0,0,0
"RNY4-9246",0,0,0,0,0,0,0,0,0,0,0,0,0,0,0,0,0,0
"RNY4-9364",0,0,0,0,0,0,0,0,0,0,0,0,0,0,0,0,0,0
"RNY4-9383",0,0,0,0,0,0,0,0,0,0,0,0,0,0,0,0,0,0
"RNY4-9406",0,0,0,0,0,0,0,0,0,0,0,0,0,0,0,0,0,0
"RNY4-9498",0,0,0,0,0,0,0,0,0,0,0,0,0,0,0,0,0,0
"RNY4-9504",0,0,0,0,0,0,0,0,0,0,0,0,0,0,0,0,0,0
"RNY4-9505",0,0,0,0,0,0,0,0,0,0,0,0,0,0,0,0,0,0
"RNY4-9545",0,0,0,0,0,0,0,0,0,0,0,0,0,0,0,0,0,0
"RNY4-9546",0,0,0,0,0,0,0,0,0,0,0,0,0,0,0,0,0,0
"RNY4-9547",0,0,0,0,0,0,0,0,0,0,0,0,0,0,0,0,0,0
"RNY4-9548",0,0,0,0,0,0,0,0,0,0,0,0,0,0,0,0,0,0
"RNY4-9552",0,0,0,0,0,0,0,0,0,0,0,0,0,0,0,0,0,0
"RNY4-9554",0,0,0,0,0,0,0,0,0,0,0,0,0,0,0,0,0,0
"RNY4-9563",0,0,0,0,0,0,0,0,0,0,0,0,0,0,0,0,0,0
"RNY4-9609",0,0,0,0,0,0,0,0,0,0,0,0,0,0,0,0,0,0
"RNY4-9688",0,0,0,0,0,0,0,0,0,0,0,0,0,0,0,0,0,0
"RNY4-9756",0,0,0,0,0,0,0,0,0,0,0,0,0,0,0,0,0,0
"RNY4-9757",0,0,0,0,0,0,0,0,0,0,0,0,0,0,0,0,0,0
"RNY4-9783",0,0,0,0,0,0,0,0,0,0,0,0,0,0,0,0,0,0
"RNY4-9824",0,0,0,0,0,0,0,0,0,0,0,0,0,0,0,0,0,0
"RNY4-9869",0,0,0,0,0,0,0,0,0,0,0,0,0,0,0,0,0,0
"RNY4-9880",0,0,0,0,0,0,0,0,0,0,0,0,0,0,0,0,0,0
"RNY4-9940",1,0,0,0,0,0,0,0,0,0,0,0,0,0,0,0,0,0
"RNY4-9974",0,0,0,0,0,0,0,0,0,0,0,0,0,0,0,0,0,0
"RNY4-9979",0,0,0,0,0,0,0,0,0,0,0,0,0,0,0,0,0,0
"RNY4-9981",0,0,0,0,0,0,0,0,0,0,0,0,0,0,0,0,0,0
"RNY4-9984",0,0,0,0,0,0,0,0,0,0,0,0,0,0,0,0,0,0
"RNY4-9991",0,0,0,0,0,0,0,0,0,0,0,0,0,0,0,0,0,0
"RNY5-10178",0,0,0,0,0,0,0,0,0,0,0,0,0,0,0,0,0,0
"RNY5-10272",0,0,0,0,0,0,0,0,0,0,0,0,0,0,0,0,0,0
"RNY5-10496",0,0,0,0,0,0,0,0,0,0,0,0,0,0,0,0,0,0
"RNY5-10549",0,0,0,0,0,0,0,0,0,0,0,0,0,0,0,0,0,0
"RNY5-10551",0,0,0,0,0,0,0,0,0,0,0,0,0,0,0,0,0,0
"RNY5-10578",0,0,0,0,0,0,0,0,0,0,0,0,0,0,0,0,0,0
"RNY5-10580",0,0,0,0,0,0,0,0,0,0,0,0,0,0,0,0,0,0
"RNY5-10588",0,0,0,0,0,0,0,0,0,0,0,0,0,0,0,0,0,0
"RNY5-1062",0,0,0,0,0,0,0,0,0,0,0,0,0,0,0,0,0,0
"RNY5-10635",0,0,0,0,0,0,0,0,0,0,0,0,0,0,0,0,0,0
"RNY5-10658",0,0,0,0,0,0,0,0,0,0,0,0,0,0,0,0,0,0
"RNY5-1066",0,0,0,0,0,0,0,0,0,0,0,0,0,0,0,0,0,0
"RNY5-10690",0,0,0,0,0,0,0,0,0,0,0,0,0,0,0,0,0,0
"RNY5-10705",0,0,0,0,0,0,0,0,0,0,0,0,0,0,0,0,0,0
"RNY5-10709",0,0,0,0,0,0,0,0,0,0,0,0,0,0,0,0,0,0
"RNY5-10710",0,0,0,0,0,0,0,0,0,0,0,0,0,0,0,0,0,0
"RNY5-10728",0,0,0,0,0,0,0,0,0,0,0,0,0,0,0,0,0,0
"RNY5-10732",0,0,0,0,0,0,0,0,0,0,0,0,0,0,0,0,0,0
"RNY5-10742",0,0,0,0,0,0,0,0,0,0,0,0,0,0,0,0,0,0
"RNY5-10743",0,0,0,0,0,0,0,0,0,0,0,0,0,0,0,0,0,0
"RNY5-10746",0,0,0,0,0,0,0,0,0,0,0,0,0,0,0,0,0,0
"RNY5-10747",0,0,0,0,0,0,0,0,0,0,0,0,0,0,0,0,0,0
"RNY5-10755",0,0,0,0,0,0,0,0,0,0,0,0,0,0,0,0,0,0
"RNY5-10759",0,0,0,0,0,0,0,0,0,0,0,0,0,0,0,0,0,0
"RNY5-10767",0,0,0,0,0,0,0,0,0,0,0,0,0,0,0,0,0,0
"RNY5-10769",0,0,0,0,0,0,0,0,0,0,0,0,0,0,0,0,0,0
"RNY5-10774",0,0,0,0,0,0,0,0,0,0,0,0,0,0,0,0,0,0
"RNY5-10775",0,0,0,0,0,0,0,0,0,0,0,0,0,0,0,0,0,0
"RNY5-10788",0,0,0,0,0,0,0,0,0,0,0,0,0,0,0,0,0,0
"RNY5-10789",0,0,0,0,0,0,0,0,0,0,0,0,0,0,0,0,0,0
"RNY5-10790",0,0,0,0,0,0,0,0,0,0,0,0,0,0,0,0,0,0
"RNY5-10793",0,0,0,0,0,0,0,0,0,0,0,0,0,0,0,0,0,0
"RNY5-10796",0,0,0,0,0,0,0,0,0,0,0,0,0,0,0,0,0,0
"RNY5-10797",0,0,0,0,0,0,0,0,0,0,0,0,0,0,0,0,0,0
"RNY5-10802",0,0,0,0,0,0,0,0,0,0,0,0,0,0,0,0,0,0
"RNY5-10803",0,0,0,0,0,0,0,0,0,0,0,0,0,0,0,0,0,0
"RNY5-10807",0,0,0,0,0,0,0,0,0,0,0,0,0,0,0,0,0,0
"RNY5-10811",0,0,0,0,0,0,0,0,0,0,0,0,0,0,0,0,0,0
"RNY5-10816",0,0,0,0,0,0,0,0,0,0,0,0,0,0,0,0,0,0
"RNY5-10824",0,0,0,0,0,0,0,0,0,0,0,0,0,0,0,0,0,0
"RNY5-10828",0,0,0,0,0,0,0,0,0,0,0,0,0,0,0,0,0,0
"RNY5-10842",0,0,0,0,0,0,0,0,0,0,0,0,0,0,0,0,0,0
"RNY5-10846",0,0,0,0,0,0,0,0,0,0,0,0,0,0,0,0,0,0
"RNY5-10847",0,0,0,0,0,0,0,0,0,0,0,0,0,0,0,0,0,0
"RNY5-10850",0,0,0,0,0,0,0,0,0,0,0,0,0,0,0,0,0,0
"RNY5-10851",0,0,0,0,0,0,0,0,0,0,0,0,0,0,0,0,0,0
"RNY5-10858",0,0,0,0,0,0,0,0,0,0,0,0,0,0,0,0,0,0
"RNY5-10859",0,0,0,0,0,0,0,0,0,0,0,0,0,0,0,0,0,0
"RNY5-10863",0,0,0,0,0,0,0,0,0,0,0,0,0,0,0,0,0,0
"RNY5-10948",0,0,0,0,0,0,0,0,0,0,0,0,0,0,0,0,0,0
"RNY5-10984",0,0,0,0,0,0,0,0,0,0,0,0,0,0,0,0,0,0
"RNY5-10986",0,0,0,0,0,0,0,0,0,0,0,0,0,0,0,0,0,0
"RNY5-10996",0,0,0,0,0,0,0,0,0,0,0,0,0,0,0,0,0,0
"RNY5-11002",0,0,0,0,0,0,0,0,0,0,0,0,0,0,0,0,0,0
"RNY5-1106",0,0,0,0,0,0,0,0,0,0,0,0,0,0,0,0,0,0
"RNY5-11096",0,0,0,0,0,0,0,0,0,0,0,0,0,0,0,0,0,0
"RNY5-11142",0,0,0,0,0,0,0,0,0,0,0,0,0,0,0,0,0,0
"RNY5-11156",0,0,0,0,0,0,0,0,0,0,0,0,0,0,0,0,0,0
"RNY5-11246",0,0,0,0,0,0,0,0,0,0,0,0,0,0,0,0,0,0
"RNY5-1125",0,0,0,0,0,0,0,0,0,0,0,0,0,0,0,0,0,0
"RNY5-11287",0,0,0,0,0,0,0,0,0,0,0,0,0,0,0,0,0,0
"RNY5-11361",0,0,0,0,0,0,0,0,0,0,0,0,0,0,0,0,0,0
"RNY5-11365",0,0,0,0,0,0,0,0,0,0,0,0,0,0,0,0,0,0
"RNY5-114",0,0,0,1,0,0,0,0,0,0,0,2,0,0,0,1,0,0
"RNY5-11403",0,0,0,0,0,0,0,0,0,0,0,0,0,0,0,0,0,0
"RNY5-11629",0,0,0,0,0,0,0,0,0,0,0,0,0,0,0,0,0,0
"RNY5-11631",0,0,0,0,0,0,0,0,0,0,0,0,0,0,0,0,0,0
"RNY5-11632",0,0,0,0,0,0,0,0,0,0,0,0,0,0,0,0,0,0
"RNY5-11633",0,0,0,0,0,0,0,0,0,0,0,0,0,0,0,0,0,0
"RNY5-11640",0,0,0,0,0,0,0,0,0,0,0,0,0,0,0,0,0,0
"RNY5-11641",0,0,0,0,0,0,0,0,0,0,0,0,0,0,0,0,0,0
"RNY5-11643",0,0,0,0,0,0,0,0,0,0,0,0,0,0,0,0,0,0
"RNY5-11745",0,0,0,0,0,0,0,0,0,0,0,0,0,0,0,0,0,0
"RNY5-11756",0,0,0,0,0,0,0,0,0,0,0,0,0,0,0,0,0,0
"RNY5-11758",0,0,0,0,0,0,0,0,0,0,0,0,0,0,0,0,0,0
"RNY5-11787",0,0,0,0,0,0,0,0,0,0,0,0,0,0,0,0,0,0
"RNY5-11788",0,0,0,0,0,0,0,0,0,0,0,0,0,0,0,0,0,0
"RNY5-11798",0,0,0,0,0,0,0,0,0,0,0,0,0,0,0,0,0,0
"RNY5-11799",0,0,0,0,0,0,0,0,0,0,0,0,0,0,0,0,0,0
"RNY5-11810",0,0,0,0,0,0,0,0,0,0,0,0,0,0,0,0,0,0
"RNY5-11906",0,0,0,0,0,0,0,0,0,0,0,0,0,0,0,0,0,0
"RNY5-11912",0,0,0,0,0,0,0,0,0,0,0,0,0,0,0,0,0,0
"RNY5-11923",0,0,0,0,0,0,0,0,0,0,0,0,0,0,0,0,0,0
"RNY5-11965",0,0,0,0,0,0,0,0,0,0,0,0,0,0,0,0,0,0
"RNY5-11977",0,0,0,0,0,0,0,0,0,0,0,0,0,0,0,0,0,0
"RNY5-11986",0,0,0,0,0,0,0,0,0,0,0,0,0,0,0,0,0,0
"RNY5-11989",0,0,0,0,0,0,0,0,0,0,0,0,0,0,0,0,0,0
"RNY5-11997",0,0,0,0,0,0,0,0,0,0,0,0,0,0,0,0,0,0
"RNY5-12000",0,0,0,0,0,0,0,0,0,0,0,0,0,0,0,0,0,0
"RNY5-12007",0,0,0,0,0,0,0,0,0,0,0,0,0,0,0,0,0,0
"RNY5-12011",0,0,0,0,0,0,0,0,0,0,0,0,0,0,0,0,0,0
"RNY5-12017",0,0,0,0,0,0,0,0,0,0,0,0,0,0,0,0,0,0
"RNY5-12018",0,0,0,0,0,0,0,0,0,0,0,0,0,0,0,0,0,0
"RNY5-12022",0,0,0,0,0,0,0,0,0,0,0,0,0,0,0,0,0,0
"RNY5-12023",0,0,0,0,0,0,0,0,0,0,0,0,0,0,0,0,0,0
"RNY5-12058",0,0,0,0,0,0,0,0,0,0,0,0,0,0,0,0,0,0
"RNY5-12060",0,0,0,0,0,0,0,0,0,0,0,0,0,0,0,0,0,0
"RNY5-12061",0,0,0,0,0,0,0,0,0,0,0,0,0,0,0,0,0,0
"RNY5-12065",0,0,0,0,0,0,0,0,0,0,0,0,0,0,0,0,0,0
"RNY5-12067",0,0,0,0,0,0,0,0,0,0,0,0,0,0,0,0,0,0
"RNY5-12070",0,0,0,0,0,0,0,0,0,0,0,0,0,0,0,0,0,0
"RNY5-12072",0,0,0,0,0,0,0,0,0,0,0,0,0,0,0,0,0,0
"RNY5-12076",0,0,0,0,0,0,0,0,0,0,0,0,0,0,0,0,0,0
"RNY5-12087",0,0,0,0,0,0,0,0,0,0,0,0,0,0,0,0,0,0
"RNY5-12102",0,0,0,0,0,0,0,0,0,0,0,0,0,0,0,0,0,0
"RNY5-12105",0,0,0,0,0,0,0,0,0,0,0,0,0,0,0,0,0,0
"RNY5-12123",0,0,0,0,0,0,0,0,0,0,0,0,0,0,0,0,0,0
"RNY5-12179",0,0,0,0,0,0,0,0,0,0,0,0,0,0,0,0,0,0
"RNY5-12182",0,0,0,0,0,0,0,0,0,0,0,0,0,0,0,0,0,0
"RNY5-12341",0,0,0,0,0,0,0,0,0,0,0,0,0,0,0,0,0,0
"RNY5-12378",0,0,0,0,0,0,0,0,0,0,0,0,0,0,0,0,0,0
"RNY5-12380",0,0,0,0,0,0,0,0,0,0,0,0,0,0,0,0,0,0
"RNY5-12383",0,0,0,0,0,0,0,0,0,0,0,0,0,0,0,0,0,0
"RNY5-12385",0,0,0,0,0,0,0,0,0,0,0,0,0,0,0,0,0,0
"RNY5-12388",0,0,0,0,0,0,0,0,0,0,0,0,0,0,0,0,0,0
"RNY5-12396",0,0,0,0,0,0,0,0,0,0,0,0,0,0,0,0,0,0
"RNY5-12399",0,0,0,0,0,0,0,0,0,0,0,0,0,0,0,0,0,0
"RNY5-12401",0,0,0,0,0,0,0,0,0,0,0,0,0,0,0,0,0,0
"RNY5-12405",0,0,0,0,0,0,0,0,0,0,0,0,0,0,0,0,0,0
"RNY5-12407",0,0,0,0,0,0,0,0,0,0,0,0,0,0,0,0,0,0
"RNY5-1251",0,0,0,0,0,1,1,0,0,0,0,0,0,0,0,0,0,0
"RNY5-12551",0,0,0,0,0,0,0,0,0,0,0,0,0,0,0,0,0,0
"RNY5-12605",0,0,0,0,0,0,0,0,0,0,0,0,0,0,0,0,0,0
"RNY5-12606",0,0,0,0,0,0,0,0,0,0,0,0,0,0,0,0,0,0
"RNY5-12610",0,0,0,0,0,0,0,0,0,0,0,0,0,0,0,0,0,0
"RNY5-12611",0,0,0,0,0,0,0,0,0,0,0,0,0,0,0,0,0,0
"RNY5-12630",0,0,0,0,0,0,0,0,0,0,0,0,0,0,0,0,0,0
"RNY5-12637",0,0,0,0,0,0,0,0,0,0,0,0,0,0,0,0,0,0
"RNY5-12650",0,0,0,0,0,0,0,0,0,0,0,0,0,0,0,0,0,0
"RNY5-12662",0,0,0,0,0,0,0,0,0,0,0,0,0,0,0,0,0,0
"RNY5-12663",0,0,0,0,0,0,0,0,0,0,0,0,0,0,0,0,0,0
"RNY5-12670",0,0,0,0,0,0,0,0,0,0,0,0,0,0,0,0,0,0
"RNY5-12671",0,0,0,0,0,0,0,0,0,0,0,0,0,0,0,0,0,0
"RNY5-12677",0,0,0,0,0,0,0,0,0,0,0,0,0,0,0,0,0,0
"RNY5-12679",0,0,0,0,0,0,0,0,0,0,0,0,0,0,0,0,0,0
"RNY5-12680",0,0,0,0,0,0,0,0,0,0,0,0,0,0,0,0,0,0
"RNY5-12682",0,0,0,0,0,0,0,0,0,0,0,0,0,0,0,0,0,0
"RNY5-12687",0,0,0,0,0,0,0,0,0,0,0,0,0,0,0,0,0,0
"RNY5-12688",0,0,0,0,0,0,0,0,0,0,0,0,0,0,0,0,0,0
"RNY5-12689",0,0,0,0,0,0,0,0,0,0,0,0,0,0,0,0,0,0
"RNY5-12690",0,0,0,0,0,0,0,0,0,0,0,0,0,0,0,0,0,0
"RNY5-12695",0,0,0,0,0,0,0,0,0,0,0,0,0,0,0,0,0,0
"RNY5-12696",0,0,0,0,0,0,0,0,0,0,0,0,0,0,0,0,0,0
"RNY5-12697",0,0,0,0,0,0,0,0,0,0,0,0,0,0,0,0,0,0
"RNY5-12699",0,0,0,0,0,0,0,0,0,0,0,0,0,0,0,0,0,0
"RNY5-12700",0,0,0,0,0,0,0,0,0,0,0,0,0,0,0,0,0,0
"RNY5-12704",0,0,0,0,0,0,0,0,0,0,0,0,0,0,0,0,0,0
"RNY5-12705",0,0,0,0,0,0,0,0,0,0,0,0,0,0,0,0,0,0
"RNY5-12709",0,0,0,0,0,0,0,0,0,0,0,0,0,0,0,0,0,0
"RNY5-13075",0,0,0,0,0,0,0,0,0,0,0,0,0,0,0,0,0,0
"RNY5-13199",0,0,0,0,0,0,0,0,0,0,0,0,0,0,0,0,0,0
"RNY5-13200",0,0,0,0,0,0,0,0,0,0,0,0,0,0,0,0,0,0
"RNY5-13216",0,0,0,0,0,0,0,0,0,0,0,0,0,0,0,0,0,0
"RNY5-13274",0,0,0,0,0,0,0,0,0,0,0,0,0,0,0,0,0,0
"RNY5-13279",0,0,0,0,0,0,0,0,0,0,0,0,0,0,0,0,0,0
"RNY5-13839",0,0,0,0,0,0,0,0,0,0,0,0,0,0,0,0,0,0
"RNY5-13841",0,0,0,0,0,0,0,0,0,0,0,0,0,0,0,0,0,0
"RNY5-13845",0,0,0,0,0,0,0,0,0,0,0,0,0,0,0,0,0,0
"RNY5-13846",0,0,0,0,0,0,0,0,0,0,0,0,0,0,0,0,0,0
"RNY5-13852",0,0,0,0,0,0,0,0,0,0,0,0,0,0,0,0,0,0
"RNY5-13890",0,0,0,0,0,0,0,0,0,0,0,0,0,0,0,0,0,0
"RNY5-13891",0,0,0,0,0,0,0,0,0,0,0,0,0,0,0,0,0,0
"RNY5-13923",0,0,0,0,0,0,0,0,0,0,0,0,0,0,0,0,0,0
"RNY5-13925",0,0,0,0,0,0,0,0,0,0,0,0,0,0,0,0,0,0
"RNY5-13936",0,0,0,0,0,0,0,0,0,0,0,0,0,0,0,0,0,0
"RNY5-14152",0,0,0,0,0,0,0,0,0,0,0,0,0,0,0,0,0,0
"RNY5-14308",0,0,0,0,0,0,0,0,0,0,0,0,0,0,0,0,0,0
"RNY5-14336",0,0,0,0,0,0,0,0,0,0,0,0,0,0,0,0,0,0
"RNY5-14768",0,0,0,0,0,0,0,0,0,0,0,0,0,0,0,0,0,0
"RNY5-1478",0,0,0,0,0,0,0,0,0,0,0,0,0,0,0,0,0,0
"RNY5-14811",0,0,0,0,0,0,0,0,0,0,0,0,0,0,0,0,0,0
"RNY5-1483",0,0,0,0,0,0,0,0,0,0,0,0,0,0,0,0,0,0
"RNY5-14945",0,0,0,0,0,0,0,0,0,0,0,0,0,0,0,0,0,0
"RNY5-15024",0,0,0,0,0,0,0,0,0,0,0,0,0,0,0,0,0,0
"RNY5-15027",0,0,0,0,0,0,0,0,0,0,0,0,0,0,0,0,0,0
"RNY5-15031",0,0,0,0,0,0,0,0,0,0,0,0,0,0,0,0,0,0
"RNY5-15032",0,0,0,0,0,0,0,0,0,0,0,0,0,0,0,0,0,0
"RNY5-15042",0,0,0,0,0,0,0,0,0,0,0,0,0,0,0,0,0,0
"RNY5-15060",0,0,0,0,0,0,0,0,0,0,0,0,0,0,0,0,0,0
"RNY5-15063",0,0,0,0,0,0,0,0,0,0,0,0,0,0,0,0,0,0
"RNY5-15078",0,0,0,0,0,0,0,0,0,0,0,0,0,0,0,0,0,0
"RNY5-15079",0,0,0,0,0,0,0,0,0,0,0,0,0,0,0,0,0,0
"RNY5-15103",0,0,0,0,0,0,0,0,0,0,0,0,0,0,0,0,0,0
"RNY5-15111",0,0,0,0,0,0,0,0,0,0,0,0,0,0,0,0,0,0
"RNY5-15113",0,0,0,0,0,0,0,0,0,0,0,0,0,0,0,0,0,0
"RNY5-15183",0,0,0,0,0,0,0,0,0,0,0,0,0,0,0,0,0,0
"RNY5-15187",0,0,0,0,0,0,0,0,0,0,0,0,0,0,0,0,0,0
"RNY5-15200",0,0,0,0,0,0,0,0,0,0,0,0,0,0,0,0,0,0
"RNY5-15201",0,0,0,0,0,0,0,0,0,0,0,0,0,0,0,0,0,0
"RNY5-15617",0,0,0,0,0,0,0,0,0,0,0,0,0,0,0,0,0,0
"RNY5-15715",0,0,0,0,0,0,0,0,0,0,0,0,0,0,0,0,0,0
"RNY5-15815",0,0,0,0,0,0,0,0,0,0,0,0,0,0,0,0,0,0
"RNY5-16119",0,0,0,0,0,0,0,0,0,0,0,0,0,0,0,0,0,0
"RNY5-16186",0,0,0,0,0,0,0,0,0,0,0,0,0,0,0,0,0,0
"RNY5-16192",0,0,0,0,0,0,0,0,0,0,0,0,0,0,0,0,0,0
"RNY5-1629",0,0,0,0,0,0,0,0,0,0,0,0,0,0,0,0,0,0
"RNY5-16351",0,0,0,0,0,0,0,0,0,0,0,0,0,0,0,0,0,0
"RNY5-16352",0,0,0,0,0,0,0,0,0,0,0,0,0,0,0,0,0,0
"RNY5-16531",0,0,0,0,0,0,0,0,0,0,0,0,0,0,0,0,0,0
"RNY5-16533",0,0,0,0,0,0,0,0,0,0,0,0,0,0,0,0,0,0
"RNY5-16535",0,0,0,0,0,0,0,0,0,0,0,0,0,0,0,0,0,0
"RNY5-16542",0,0,0,0,0,0,0,0,0,0,0,0,0,0,0,0,0,0
"RNY5-16555",0,0,0,0,0,0,0,0,0,0,0,0,0,0,0,0,0,0
"RNY5-16558",0,0,0,0,0,0,0,0,0,0,0,0,0,0,0,0,0,0
"RNY5-1659",0,0,0,0,0,0,0,0,0,0,0,0,0,0,0,0,0,0
"RNY5-16667",0,0,0,0,0,0,0,0,0,0,0,0,0,0,0,0,0,0
"RNY5-16682",0,0,0,0,0,0,0,0,0,0,0,0,0,0,0,0,0,0
"RNY5-1674",0,0,0,0,0,0,0,0,0,0,0,0,0,0,0,0,0,0
"RNY5-16800",0,0,0,0,0,0,0,0,0,0,0,0,0,0,0,0,0,0
"RNY5-16806",0,0,0,0,0,0,0,0,0,0,0,0,0,0,0,0,0,0
"RNY5-16812",0,0,0,0,0,0,0,0,0,0,0,0,0,0,0,0,0,0
"RNY5-1707",0,0,0,0,0,0,0,0,0,0,0,0,0,0,0,0,0,0
"RNY5-17563",0,0,0,0,0,0,0,0,0,0,0,0,0,0,0,0,0,0
"RNY5-17579",0,0,0,0,0,0,0,0,0,0,0,0,0,0,0,0,0,0
"RNY5-1759",0,1,0,0,0,0,0,0,0,0,0,0,0,0,0,0,0,0
"RNY5-17725",0,0,0,0,0,0,0,0,0,0,0,0,0,0,0,0,0,0
"RNY5-17728",0,0,0,0,0,0,0,0,0,0,0,0,0,0,0,0,0,0
"RNY5-17731",0,0,0,0,0,0,0,0,0,0,0,0,0,0,0,0,0,0
"RNY5-17732",0,0,0,0,0,0,0,0,0,0,0,0,0,0,0,0,0,0
"RNY5-17743",0,0,0,0,0,0,0,0,0,0,0,0,0,0,0,0,0,0
"RNY5-17779",0,0,0,0,0,0,0,0,0,0,0,0,0,0,0,0,0,0
"RNY5-17785",0,0,0,0,0,0,0,0,0,0,0,0,0,0,0,0,0,0
"RNY5-17807",0,0,0,0,0,0,0,0,0,0,0,0,0,0,0,0,0,0
"RNY5-17818",0,0,0,0,0,0,0,0,0,0,0,0,0,0,0,0,0,0
"RNY5-17825",0,0,0,0,0,0,0,0,0,0,0,0,0,0,0,0,0,0
"RNY5-17845",0,0,0,0,0,0,0,0,0,0,0,0,0,0,0,0,0,0
"RNY5-17851",0,0,0,0,0,0,0,0,0,0,0,0,0,0,0,0,0,0
"RNY5-17862",0,0,0,0,0,0,0,0,0,0,0,0,0,0,0,0,0,0
"RNY5-17865",0,0,0,0,0,0,0,0,0,0,0,0,0,0,0,0,0,0
"RNY5-17867",0,0,0,0,0,0,0,0,0,0,0,0,0,0,0,0,0,0
"RNY5-17868",0,0,0,0,0,0,0,0,0,0,0,0,0,0,0,0,0,0
"RNY5-17869",0,0,0,0,0,0,0,0,0,1,0,0,0,0,0,0,0,0
"RNY5-17871",0,0,0,0,0,0,0,0,0,0,0,0,0,0,0,0,0,0
"RNY5-17874",0,0,0,0,0,0,0,0,0,0,0,0,0,0,0,0,0,0
"RNY5-17877",0,0,0,0,0,0,0,0,0,0,0,0,0,0,0,0,0,0
"RNY5-17878",0,0,0,0,0,0,0,0,0,0,0,0,0,0,0,0,0,0
"RNY5-17881",0,0,0,0,0,0,0,0,0,0,0,0,0,0,0,0,0,0
"RNY5-17882",0,0,0,0,0,0,0,0,0,0,0,0,0,0,0,0,0,0
"RNY5-17883",0,0,0,0,0,0,0,0,0,0,0,0,0,0,0,0,0,0
"RNY5-17887",0,0,0,0,0,0,0,0,0,0,0,0,0,0,0,0,0,0
"RNY5-17888",0,0,0,0,0,0,0,0,0,0,0,0,0,0,0,0,0,0
"RNY5-17889",0,0,0,0,0,0,0,0,0,0,0,0,0,0,0,0,0,0
"RNY5-17890",0,0,0,0,0,0,0,0,0,0,0,0,0,0,0,0,0,0
"RNY5-17891",0,0,0,0,0,0,0,0,0,0,0,0,0,0,0,0,0,0
"RNY5-17894",0,0,0,0,0,0,0,0,0,0,0,0,0,0,0,0,0,0
"RNY5-17911",0,0,0,0,0,0,0,0,0,0,0,0,0,0,0,0,0,0
"RNY5-17914",0,0,0,0,0,0,0,0,0,0,0,0,0,0,0,0,0,0
"RNY5-17915",0,0,0,0,0,0,0,0,0,0,0,0,0,0,0,0,0,0
"RNY5-17916",0,0,0,0,0,0,0,0,0,0,0,0,0,0,0,0,0,0
"RNY5-17918",0,0,0,0,0,0,0,0,0,0,0,0,0,0,0,0,0,0
"RNY5-17919",0,0,0,0,0,0,0,0,0,0,0,0,0,0,0,0,0,0
"RNY5-17926",0,0,0,0,0,0,0,0,0,0,0,0,0,0,0,0,0,0
"RNY5-17934",0,0,0,0,0,0,0,0,0,0,0,0,0,0,0,0,0,0
"RNY5-17935",0,0,0,0,0,0,0,0,0,0,0,0,0,0,0,0,0,0
"RNY5-17939",0,0,0,0,0,0,0,0,0,0,0,0,0,0,0,0,0,0
"RNY5-17945",0,0,0,0,0,0,0,0,0,0,0,0,0,0,0,0,0,0
"RNY5-17970",0,0,0,0,0,0,0,0,0,0,0,0,0,0,0,0,0,0
"RNY5-17978",0,0,0,0,0,0,0,0,0,0,0,0,0,0,0,0,0,0
"RNY5-17983",0,0,0,0,0,0,0,0,0,0,0,0,0,0,0,0,0,0
"RNY5-17986",0,0,0,0,0,0,0,0,0,0,0,0,0,0,0,0,0,0
"RNY5-17988",0,0,0,0,0,0,0,0,0,0,0,0,0,0,0,0,0,0
"RNY5-17989",0,0,0,0,0,0,0,0,0,0,0,0,0,0,0,0,0,0
"RNY5-17995",0,0,0,0,0,0,0,0,0,0,0,0,0,0,0,0,0,0
"RNY5-180",0,0,0,0,0,0,0,1,0,1,0,0,1,2,0,0,0,0
"RNY5-18003",0,0,0,0,0,0,0,0,0,0,0,0,0,0,0,0,0,0
"RNY5-18004",0,0,0,0,0,0,0,0,0,0,0,0,0,0,0,0,0,0
"RNY5-18007",0,0,0,0,0,0,0,0,0,0,0,0,0,0,0,0,0,0
"RNY5-18011",0,0,0,0,0,0,0,0,0,0,0,0,0,0,0,0,0,0
"RNY5-18015",0,0,0,0,0,0,0,0,0,0,0,0,0,0,0,0,0,0
"RNY5-18016",0,0,0,0,0,0,0,0,0,0,0,0,0,0,0,0,0,0
"RNY5-18017",0,0,0,0,0,0,0,0,0,0,0,0,0,0,0,0,0,0
"RNY5-18026",0,0,0,0,0,0,0,0,0,0,0,0,0,0,0,0,0,0
"RNY5-18028",0,0,0,0,0,0,0,0,0,0,0,0,0,0,0,0,0,0
"RNY5-18031",0,0,0,0,0,0,0,0,0,0,0,0,0,0,0,0,0,0
"RNY5-18032",0,0,0,0,0,0,0,0,0,0,0,0,0,0,0,0,0,0
"RNY5-18033",0,0,0,0,0,0,0,0,0,0,0,0,0,0,0,0,0,0
"RNY5-18041",0,0,0,0,0,0,0,0,0,0,0,0,0,0,0,0,0,0
"RNY5-18042",0,0,0,0,0,0,0,0,0,0,0,0,0,0,0,0,0,0
"RNY5-18043",0,0,0,0,0,0,0,0,0,0,0,0,0,0,0,0,0,0
"RNY5-18048",0,0,0,0,0,0,0,0,0,0,0,0,0,0,0,0,0,0
"RNY5-18053",0,0,0,0,0,0,0,0,0,0,0,0,0,0,0,0,0,0
"RNY5-18055",0,0,0,0,0,0,0,0,0,0,0,0,0,0,0,0,0,0
"RNY5-18058",0,0,0,0,0,0,0,0,0,0,0,0,0,0,0,0,0,0
"RNY5-18060",0,0,0,0,0,0,0,0,0,0,0,0,0,0,0,0,0,0
"RNY5-18070",0,0,0,0,0,0,0,0,0,0,0,0,0,0,0,0,0,0
"RNY5-18072",0,0,0,0,0,0,0,0,0,0,0,0,0,0,0,0,0,0
"RNY5-18074",0,0,0,0,0,0,0,0,0,0,0,0,0,0,0,0,0,0
"RNY5-18127",0,0,0,0,0,0,0,0,0,0,0,0,0,0,0,0,0,0
"RNY5-18128",0,0,0,0,0,0,0,0,0,0,0,0,0,0,0,0,0,0
"RNY5-18131",0,0,0,0,0,0,0,0,0,0,0,0,0,0,0,0,0,0
"RNY5-18142",0,0,0,0,0,0,0,0,0,0,0,0,0,0,0,0,0,0
"RNY5-18156",0,0,0,0,0,0,0,0,0,0,0,0,0,0,0,0,0,0
"RNY5-18157",0,0,0,0,0,0,0,0,0,0,0,0,0,0,0,0,0,0
"RNY5-18162",0,0,0,0,0,0,0,0,0,0,0,0,0,0,0,0,0,0
"RNY5-18163",0,0,0,0,0,0,0,0,0,0,0,0,0,0,0,0,0,0
"RNY5-18165",0,0,0,0,0,0,0,0,0,0,0,0,0,0,0,0,0,0
"RNY5-18177",0,0,0,0,0,0,0,0,0,0,0,0,0,0,0,0,0,0
"RNY5-18193",0,0,0,0,0,0,0,0,0,0,0,0,0,0,0,0,0,0
"RNY5-18196",0,0,0,0,0,0,0,0,0,0,0,0,0,0,0,0,0,0
"RNY5-18197",0,0,0,0,0,0,0,0,0,0,0,0,0,0,0,0,0,0
"RNY5-18200",0,0,0,0,0,0,0,0,0,0,0,0,0,0,0,0,0,0
"RNY5-18202",0,0,0,0,0,0,0,0,0,0,0,0,0,0,0,0,0,0
"RNY5-18214",0,0,0,0,0,0,0,0,0,0,0,0,0,0,0,0,0,0
"RNY5-18220",0,0,0,0,0,0,0,0,0,0,0,0,0,0,0,0,0,0
"RNY5-18223",0,0,0,0,0,0,0,0,0,0,0,0,0,0,0,0,0,0
"RNY5-18243",0,0,0,0,0,0,0,0,0,0,0,0,0,0,0,0,0,0
"RNY5-18244",0,0,0,0,0,0,0,0,0,0,0,0,0,0,0,0,0,0
"RNY5-18245",0,0,0,0,0,0,0,0,0,0,0,0,0,0,0,0,0,0
"RNY5-18246",0,0,0,0,0,0,0,0,0,0,0,0,0,0,0,0,0,0
"RNY5-1838",0,0,0,0,0,0,0,0,0,0,0,0,0,0,0,0,0,0
"RNY5-1849",0,0,0,0,0,0,0,0,0,0,0,0,0,0,0,0,0,0
"RNY5-1852",0,0,0,0,0,0,0,0,0,0,0,0,0,0,0,0,0,0
"RNY5-1856",0,0,0,0,0,0,0,0,0,0,0,0,0,0,0,0,0,0
"RNY5-1857",0,0,0,0,0,0,0,0,0,0,0,0,0,0,0,0,0,0
"RNY5-1859",0,0,0,0,0,0,0,0,0,0,0,0,0,0,0,0,0,0
"RNY5-186",0,0,1,1,0,0,2,0,0,1,0,0,0,0,0,0,0,0
"RNY5-1866",0,0,0,0,0,0,0,0,0,0,0,0,0,0,0,0,0,0
"RNY5-1867",0,0,0,0,0,0,0,0,0,0,0,0,0,0,0,0,0,0
"RNY5-1899",0,0,0,0,0,0,0,0,0,0,0,0,0,0,0,0,0,0
"RNY5-1901",0,0,0,0,0,0,0,0,0,0,0,0,0,0,0,0,0,0
"RNY5-1905",0,0,0,0,0,0,0,0,0,0,0,0,0,0,0,1,0,0
"RNY5-1923",0,0,0,0,0,0,0,0,0,0,0,0,0,0,0,0,0,0
"RNY5-1924",0,0,0,1,0,0,0,0,0,0,0,0,0,0,0,0,0,0
"RNY5-1926",0,0,0,0,0,0,0,0,0,0,0,0,0,0,0,0,0,0
"RNY5-1927",0,0,0,0,0,0,0,0,0,0,0,0,0,0,0,0,0,0
"RNY5-1928",0,0,0,0,0,0,0,0,0,0,0,0,0,0,0,0,0,0
"RNY5-200",2,1,0,1,0,4,2,2,4,1,2,1,0,3,0,0,1,1
"RNY5-2238",0,0,0,0,0,0,0,0,0,0,0,0,0,0,0,0,0,0
"RNY5-237",0,3,2,0,0,2,2,1,0,3,1,2,0,0,0,0,2,1
"RNY5-2391",0,0,0,0,0,0,0,0,0,0,0,0,0,0,0,0,0,0
"RNY5-246",0,1,2,4,0,1,0,0,0,2,0,1,0,2,1,0,0,0
"RNY5-2462",0,0,0,0,0,0,0,0,0,0,0,0,0,0,0,0,0,0
"RNY5-2472",0,0,0,0,0,0,0,0,0,0,0,0,0,0,0,0,0,0
"RNY5-2508",0,0,0,0,0,0,0,0,0,0,0,0,0,0,0,0,0,0
"RNY5-2509",0,0,0,0,0,0,0,0,0,0,0,0,0,0,0,0,0,0
"RNY5-2510",0,0,0,0,0,0,0,0,0,0,0,0,0,0,0,0,0,0
"RNY5-2522",0,0,0,0,0,0,0,0,0,0,0,0,0,0,0,0,0,0
"RNY5-2524",0,0,0,0,0,0,0,0,0,0,0,0,0,0,0,0,0,0
"RNY5-2527",0,0,0,0,0,0,0,0,0,0,0,0,0,0,0,0,0,0
"RNY5-255",0,0,0,0,0,2,0,1,0,0,0,0,0,0,0,0,0,1
"RNY5-2554",0,0,0,0,0,0,0,0,0,0,0,0,0,0,0,0,0,0
"RNY5-2584",0,0,0,0,0,0,0,0,0,0,0,0,0,0,0,0,0,0
"RNY5-2586",0,0,0,0,0,0,0,0,0,0,0,0,0,0,0,0,0,0
"RNY5-2591",0,0,0,0,0,0,0,0,0,0,0,0,0,0,0,0,0,0
"RNY5-2626",0,0,0,0,0,0,0,0,0,0,0,0,0,0,0,0,0,0
"RNY5-2628",0,0,0,0,0,0,0,0,0,0,0,0,0,0,0,0,0,0
"RNY5-2634",0,0,0,0,0,0,0,0,0,0,0,0,0,0,0,0,0,0
"RNY5-2649",0,0,0,0,0,0,0,0,0,0,0,0,0,0,0,0,0,0
"RNY5-2651",0,0,0,0,0,0,0,0,0,0,0,0,0,0,0,0,0,0
"RNY5-2652",0,0,0,0,0,0,0,0,0,0,0,0,0,0,0,0,0,0
"RNY5-2671",0,0,0,0,0,0,0,0,0,0,0,0,0,0,0,0,0,0
"RNY5-2689",0,0,0,0,0,0,0,0,0,0,0,0,0,0,0,0,0,0
"RNY5-2752",0,0,0,0,0,0,0,0,0,0,0,0,0,0,0,0,0,0
"RNY5-2764",0,0,0,0,0,0,0,0,0,0,0,0,0,0,0,0,0,0
"RNY5-2767",0,0,0,0,0,0,0,0,0,0,0,0,0,0,0,0,0,0
"RNY5-2771",0,0,0,0,0,0,0,0,0,0,0,0,0,0,0,0,0,0
"RNY5-2966",0,0,0,0,0,0,0,0,0,0,0,0,0,0,0,0,0,0
"RNY5-2974",0,0,0,0,0,0,0,0,0,0,0,0,0,0,0,0,0,0
"RNY5-2997",0,0,0,0,0,0,0,0,0,0,0,0,0,0,0,0,0,0
"RNY5-3009",0,0,0,0,0,0,0,0,0,0,0,0,0,0,0,0,0,0
"RNY5-3018",0,0,0,0,0,0,0,0,0,0,0,0,0,0,0,0,0,0
"RNY5-3020",0,0,0,0,0,0,0,0,0,0,0,0,0,0,0,0,0,0
"RNY5-3023",0,0,0,0,0,0,0,0,0,0,0,0,0,0,0,0,0,0
"RNY5-3041",0,0,0,0,0,0,0,0,0,0,0,0,0,0,0,0,0,0
"RNY5-3052",0,0,0,0,0,0,0,0,0,0,0,0,0,0,0,0,0,0
"RNY5-3053",0,0,0,0,0,0,0,0,0,0,0,0,0,0,0,0,0,0
"RNY5-3054",0,0,0,0,0,0,0,0,0,0,0,0,0,0,0,0,0,0
"RNY5-3057",0,0,0,0,0,0,0,0,0,0,0,0,0,0,0,0,0,0
"RNY5-3073",0,0,0,0,0,0,0,0,0,0,0,0,0,0,0,0,0,0
"RNY5-3101",0,0,0,0,0,0,0,0,0,0,0,0,0,0,0,0,0,0
"RNY5-3139",0,0,0,0,0,0,0,0,0,0,0,0,0,0,0,0,0,0
"RNY5-3149",0,0,0,0,0,0,0,0,0,0,0,0,0,0,0,0,0,0
"RNY5-3150",0,0,0,0,0,0,0,0,0,0,0,0,0,0,0,0,0,0
"RNY5-3893",0,0,0,0,0,0,0,0,0,0,0,0,0,0,0,0,0,0
"RNY5-3958",0,0,0,0,0,0,0,0,0,0,0,0,0,0,0,0,0,0
"RNY5-3966",0,0,0,0,0,0,0,0,0,0,0,0,0,0,0,0,0,0
"RNY5-401",0,0,0,0,0,0,0,0,0,0,0,0,0,0,0,0,0,0
"RNY5-4233",0,0,0,0,0,0,0,0,0,0,0,0,0,0,0,0,0,0
"RNY5-4236",0,0,0,0,0,0,0,0,0,0,0,0,0,0,0,0,0,0
"RNY5-4247",0,0,0,0,0,0,0,0,0,0,0,0,0,0,0,0,0,0
"RNY5-4250",0,0,0,0,0,0,0,0,0,0,0,0,0,0,0,0,0,0
"RNY5-4283",0,0,0,0,0,0,0,0,0,0,0,0,0,0,0,0,0,0
"RNY5-4294",0,0,0,0,0,0,0,0,0,0,0,0,0,0,0,0,0,0
"RNY5-4303",0,0,0,0,0,0,0,0,0,0,0,0,0,0,0,0,0,0
"RNY5-4353",0,0,0,0,0,0,0,0,0,0,0,0,0,0,0,0,0,0
"RNY5-4356",0,0,0,0,0,0,0,0,0,0,0,0,0,0,0,0,0,0
"RNY5-4371",0,0,0,0,0,0,0,0,0,0,0,0,0,0,0,0,0,0
"RNY5-4478",1,0,0,0,0,0,0,0,0,0,0,0,0,0,0,0,0,0
"RNY5-452",0,0,0,0,0,0,0,0,0,0,0,0,0,0,0,0,0,0
"RNY5-4569",0,0,0,0,0,0,0,0,0,0,0,0,0,0,0,0,0,0
"RNY5-4571",0,0,0,0,0,0,0,0,0,0,0,0,0,0,0,0,0,0
"RNY5-4604",0,0,0,0,0,0,0,0,0,0,0,0,0,0,0,0,0,0
"RNY5-4632",0,0,0,0,0,0,0,0,0,0,0,0,0,0,0,0,0,0
"RNY5-467",0,0,0,0,0,0,0,0,0,0,0,0,0,0,0,0,0,0
"RNY5-4761",0,0,0,0,0,0,0,0,0,0,0,0,0,0,0,0,0,0
"RNY5-4823",0,0,0,0,0,0,0,0,0,0,0,0,0,0,0,0,0,0
"RNY5-4966",0,0,0,0,0,0,0,0,0,0,0,0,0,0,0,0,0,0
"RNY5-4974",0,0,0,0,0,0,0,0,0,0,0,0,0,0,0,0,0,0
"RNY5-4977",0,0,0,0,0,0,0,0,0,0,0,0,0,0,0,0,0,0
"RNY5-4984",0,0,0,0,0,0,0,0,0,0,0,0,0,0,0,0,0,0
"RNY5-4988",0,0,0,0,0,0,0,0,0,0,0,0,0,0,0,0,0,0
"RNY5-5134",0,0,0,0,0,0,0,0,0,0,0,0,0,0,0,0,0,0
"RNY5-5232",0,0,0,0,0,0,0,0,0,0,0,0,0,0,0,0,0,0
"RNY5-5234",0,0,0,0,0,0,0,0,0,0,0,0,0,0,0,0,0,0
"RNY5-5240",0,0,0,0,0,0,0,0,0,0,0,0,0,0,0,0,0,0
"RNY5-5254",0,0,0,0,0,0,0,0,0,0,0,0,0,0,0,0,0,0
"RNY5-5256",0,0,0,0,0,0,0,0,0,0,0,0,0,0,0,0,0,0
"RNY5-5274",0,0,0,0,0,0,0,0,0,0,0,0,0,0,0,0,0,0
"RNY5-5300",0,0,0,0,0,0,0,0,0,0,0,0,0,0,0,0,0,0
"RNY5-5302",0,0,0,0,0,0,0,0,0,0,0,0,0,0,0,0,0,0
"RNY5-5323",0,0,0,0,0,0,0,0,0,0,0,0,0,0,0,0,0,0
"RNY5-5324",0,0,0,0,0,0,0,0,0,0,0,0,0,0,0,0,0,0
"RNY5-5334",0,0,0,0,0,0,0,0,0,0,0,0,0,0,0,0,0,0
"RNY5-5344",0,0,0,0,0,0,0,0,0,0,0,0,0,0,0,0,0,0
"RNY5-5346",0,0,0,0,0,0,0,0,0,0,0,0,0,0,0,0,0,0
"RNY5-5348",0,0,0,0,0,0,0,0,0,0,0,0,0,0,0,0,0,0
"RNY5-5378",0,0,0,0,0,0,0,0,0,0,0,0,0,0,0,0,0,0
"RNY5-543",0,0,0,0,0,0,0,0,0,0,0,0,0,0,0,0,0,0
"RNY5-5510",0,0,0,0,0,0,0,0,0,0,0,0,0,0,0,0,0,0
"RNY5-555",0,1,0,0,0,0,0,0,0,0,0,0,0,1,0,0,0,1
"RNY5-5558",0,0,0,0,0,0,0,0,0,0,0,0,0,0,0,0,0,0
"RNY5-5584",0,0,0,0,0,0,0,0,0,0,0,0,0,0,0,0,0,0
"RNY5-5588",0,0,0,0,0,0,0,0,0,0,0,0,0,0,0,0,0,0
"RNY5-5684",0,0,0,0,0,0,0,0,0,0,0,0,0,0,0,0,0,0
"RNY5-6213",0,0,0,0,0,0,0,0,0,0,0,0,0,0,0,0,0,0
"RNY5-625",0,0,0,0,0,0,0,0,0,0,0,0,0,0,0,0,0,0
"RNY5-6273",0,0,0,0,0,0,0,0,0,0,0,0,0,0,0,0,0,0
"RNY5-6288",0,0,0,0,0,0,0,0,0,0,0,0,0,0,0,0,0,0
"RNY5-6348",0,0,0,0,0,0,0,0,0,0,0,0,0,0,0,0,0,0
"RNY5-6354",0,0,0,0,0,0,0,0,0,0,0,0,0,0,0,0,0,0
"RNY5-636",0,0,0,0,0,1,0,0,0,0,0,0,0,0,0,0,0,0
"RNY5-6368",0,0,0,0,0,0,0,0,0,0,0,0,0,0,0,0,0,0
"RNY5-6371",0,0,0,0,0,0,0,0,0,0,0,0,0,0,0,0,0,0
"RNY5-6372",0,0,0,0,0,0,0,0,0,0,0,0,0,0,0,0,0,0
"RNY5-6382",0,0,0,0,0,0,0,0,0,0,0,0,0,0,0,0,0,0
"RNY5-6390",0,0,0,0,0,0,0,0,0,0,0,0,0,0,0,0,0,0
"RNY5-6393",0,0,0,0,0,0,0,0,0,0,0,0,0,0,0,0,0,0
"RNY5-6396",0,0,0,0,0,0,0,0,0,0,0,0,0,0,0,0,0,0
"RNY5-6400",0,0,0,0,0,0,0,0,0,0,0,0,0,0,0,0,0,0
"RNY5-6403",0,0,0,0,0,0,0,0,0,0,0,0,0,0,0,0,0,0
"RNY5-6406",0,0,0,0,0,0,0,0,0,0,0,0,0,0,0,0,0,0
"RNY5-6407",0,0,0,0,0,0,0,0,0,0,0,0,0,0,0,0,0,0
"RNY5-6408",0,0,0,0,0,0,0,0,0,0,0,0,0,0,0,0,0,0
"RNY5-6412",0,0,0,0,0,0,0,0,0,0,0,0,0,0,0,0,0,0
"RNY5-6416",0,0,0,0,0,0,0,0,0,0,0,0,0,0,0,0,0,0
"RNY5-6418",0,0,0,0,0,0,0,0,0,0,0,0,0,0,0,0,0,0
"RNY5-6420",0,0,0,0,0,0,0,0,0,0,0,0,0,0,0,0,0,0
"RNY5-6427",0,0,0,0,0,0,0,0,0,0,0,0,0,0,0,0,0,0
"RNY5-6430",0,0,0,0,0,0,0,0,0,0,0,0,0,0,0,0,0,0
"RNY5-6434",0,0,0,0,0,0,0,0,0,0,0,0,0,0,0,0,0,0
"RNY5-6440",0,0,0,0,0,0,0,0,0,0,0,0,0,0,0,0,0,0
"RNY5-6444",0,0,0,0,0,0,0,0,0,0,0,0,0,0,0,0,0,0
"RNY5-6449",0,0,0,0,0,0,0,0,0,0,0,0,0,0,0,0,0,0
"RNY5-6451",0,0,0,0,0,0,0,0,0,0,0,0,0,0,0,0,0,0
"RNY5-6459",0,0,0,0,0,0,0,0,0,0,0,0,0,0,0,0,0,0
"RNY5-6460",0,0,0,0,0,0,0,0,0,0,0,0,0,0,0,0,0,0
"RNY5-6464",0,0,0,0,0,0,0,0,0,0,0,0,0,0,0,0,0,0
"RNY5-6473",0,0,0,0,0,0,0,0,0,0,0,0,0,0,0,0,0,0
"RNY5-6493",0,0,0,0,0,0,0,0,0,0,0,0,0,0,0,0,0,0
"RNY5-6496",0,0,0,0,0,0,0,0,0,0,0,0,0,0,0,0,0,0
"RNY5-6499",0,0,0,0,0,0,0,0,0,0,0,0,0,0,0,1,0,0
"RNY5-6501",0,0,0,0,0,0,0,0,0,0,0,0,0,0,0,0,0,0
"RNY5-6510",0,0,0,0,0,0,0,0,0,0,0,0,0,0,0,0,0,0
"RNY5-6512",0,0,0,0,0,0,0,0,0,0,0,0,0,0,0,0,0,0
"RNY5-6546",0,0,0,0,0,0,0,0,0,0,0,0,0,0,0,0,0,0
"RNY5-6568",0,0,0,0,0,0,0,0,0,0,0,0,0,0,0,0,0,0
"RNY5-6570",0,0,0,0,0,0,0,0,0,0,0,0,0,0,0,0,0,0
"RNY5-6576",0,0,0,0,0,0,0,0,0,0,0,0,0,0,0,0,0,0
"RNY5-6582",0,0,0,0,0,0,2,0,0,0,0,0,0,0,0,0,0,0
"RNY5-6585",0,0,0,0,0,0,0,0,0,0,0,0,0,0,0,0,0,0
"RNY5-6586",0,0,0,0,0,0,0,0,0,0,0,0,0,0,0,0,0,0
"RNY5-6594",0,0,0,0,0,0,0,0,0,0,0,0,0,0,0,0,0,0
"RNY5-6596",0,0,0,0,0,0,0,0,0,0,0,0,0,0,0,0,0,0
"RNY5-6605",0,0,0,0,0,0,0,0,0,0,0,0,0,0,0,0,0,0
"RNY5-6613",0,0,0,0,0,0,0,0,0,0,0,0,0,0,0,0,0,0
"RNY5-6621",0,0,0,0,0,0,0,0,0,0,0,0,0,0,0,0,0,0
"RNY5-6622",0,0,0,0,0,0,0,0,0,0,0,0,0,0,0,0,0,0
"RNY5-6623",0,0,0,0,0,0,0,0,0,0,0,0,0,0,0,0,0,0
"RNY5-6624",0,0,0,0,0,0,0,0,0,0,0,0,0,0,0,0,0,0
"RNY5-6630",0,0,0,0,0,0,0,0,0,0,0,0,0,0,0,0,0,0
"RNY5-6631",0,0,0,0,0,0,0,0,0,0,0,0,0,0,0,0,0,0
"RNY5-6638",0,0,0,0,0,0,0,0,0,0,0,0,0,0,0,0,0,0
"RNY5-6642",0,0,0,0,0,0,0,0,0,0,0,0,0,0,0,0,0,0
"RNY5-6645",0,0,0,0,0,0,0,0,0,0,0,0,0,0,0,0,0,0
"RNY5-6657",0,0,0,0,0,0,0,0,0,0,0,0,0,0,0,0,0,0
"RNY5-6662",0,0,0,0,0,0,0,0,0,0,0,0,0,0,0,0,0,0
"RNY5-6670",0,0,0,0,0,0,0,0,0,0,0,0,0,0,0,0,0,0
"RNY5-6683",0,0,0,0,0,0,0,0,0,0,0,0,0,0,0,0,0,0
"RNY5-6740",0,0,0,0,0,0,0,0,0,0,0,0,0,0,0,0,0,0
"RNY5-6741",0,0,0,0,0,0,0,0,0,0,0,0,0,0,0,0,0,0
"RNY5-6777",0,0,0,0,0,0,0,0,0,0,0,0,0,0,0,0,0,0
"RNY5-6787",0,0,0,0,0,0,0,0,0,0,0,0,0,0,0,0,0,0
"RNY5-6791",0,0,0,0,0,0,0,0,0,0,0,0,0,0,0,0,0,0
"RNY5-6798",0,0,0,0,0,0,0,0,0,0,0,0,0,0,0,0,0,0
"RNY5-6800",0,0,0,0,0,0,0,0,0,0,0,0,0,0,0,0,0,0
"RNY5-6801",0,0,0,0,0,0,0,0,0,0,0,0,0,0,0,0,0,0
"RNY5-6806",0,0,0,0,0,0,0,0,0,0,0,0,0,0,0,0,0,0
"RNY5-6842",0,0,0,0,0,0,0,0,0,0,0,0,0,0,0,0,0,0
"RNY5-6913",0,0,0,0,0,0,0,0,0,0,0,0,0,0,0,0,0,0
"RNY5-6953",0,0,0,0,0,0,0,0,0,0,0,0,0,0,0,0,0,0
"RNY5-6958",0,0,0,0,0,0,0,0,0,0,0,0,0,0,0,0,0,0
"RNY5-696",0,0,0,0,0,0,0,0,0,0,0,0,0,0,0,0,0,0
"RNY5-6965",0,0,0,0,0,0,0,0,0,0,0,0,0,0,0,0,0,0
"RNY5-6968",0,0,0,0,0,0,0,0,0,0,0,0,0,0,0,0,0,0
"RNY5-6969",0,0,0,0,0,0,0,0,0,0,0,0,0,0,0,0,0,0
"RNY5-6986",0,0,0,0,0,0,0,0,0,0,0,0,0,0,0,0,0,0
"RNY5-6988",0,0,0,0,0,0,0,0,0,0,0,0,0,0,0,0,0,0
"RNY5-6989",0,0,0,0,0,0,0,0,0,0,0,0,0,0,0,0,0,0
"RNY5-6992",0,0,0,0,0,0,0,0,0,0,0,0,0,0,0,0,0,0
"RNY5-6993",0,0,0,0,0,0,0,0,0,0,0,0,0,0,0,0,0,0
"RNY5-6996",0,0,0,0,0,0,0,0,0,0,0,0,0,0,0,0,0,0
"RNY5-6998",0,0,0,0,0,0,0,0,0,0,0,0,0,0,0,0,0,0
"RNY5-7002",0,0,0,0,0,0,0,0,0,0,0,0,0,0,0,0,0,0
"RNY5-7003",0,0,0,0,0,0,0,0,0,0,0,0,0,0,0,0,0,0
"RNY5-7004",0,0,0,0,0,0,0,0,0,0,0,0,0,0,0,0,0,0
"RNY5-7009",0,0,0,0,0,0,0,0,0,0,0,0,0,0,0,0,0,0
"RNY5-7012",0,0,0,0,0,0,0,0,0,0,0,0,0,0,0,0,0,0
"RNY5-7027",0,0,0,0,0,0,0,0,0,0,0,0,0,0,0,0,0,0
"RNY5-7056",0,0,0,0,0,0,0,0,0,0,0,0,0,0,0,0,0,0
"RNY5-7058",0,0,0,0,0,0,0,0,0,0,0,0,0,0,0,0,0,0
"RNY5-7059",0,0,0,0,0,0,0,0,0,0,0,0,0,0,0,0,0,0
"RNY5-7081",0,0,0,0,0,0,0,0,0,0,0,0,0,0,0,0,0,0
"RNY5-7166",0,0,0,0,0,0,0,0,0,0,0,0,0,0,0,0,0,0
"RNY5-7264",0,0,0,0,0,0,0,0,0,0,0,0,0,0,0,0,0,0
"RNY5-7285",0,0,0,0,0,0,0,0,0,0,0,0,0,0,0,0,0,0
"RNY5-7307",0,0,0,0,0,0,0,0,0,0,0,0,0,0,0,0,0,0
"RNY5-737",0,0,0,1,0,0,0,0,0,0,0,0,0,1,0,0,0,0
"RNY5-7412",0,0,0,0,0,0,0,0,0,0,0,0,0,0,0,0,0,0
"RNY5-749",0,0,0,0,0,0,0,0,0,0,0,0,0,0,0,0,0,0
"RNY5-7574",0,0,0,0,0,0,0,0,0,0,0,0,0,0,0,0,0,0
"RNY5-7577",0,0,0,0,0,0,0,0,0,0,0,0,0,0,0,0,0,0
"RNY5-7584",0,0,0,0,0,0,0,0,0,0,0,0,0,0,0,0,0,0
"RNY5-7596",0,0,0,0,0,0,0,0,0,0,0,0,0,0,0,0,0,0
"RNY5-7597",0,0,0,0,0,0,0,0,0,0,0,0,0,0,0,0,0,0
"RNY5-7603",0,0,0,0,0,0,0,0,0,0,0,0,0,0,0,0,0,0
"RNY5-7644",0,0,0,0,0,0,0,0,0,0,0,0,0,0,0,0,0,0
"RNY5-774",0,0,0,0,0,0,0,0,0,0,0,0,0,0,0,0,0,0
"RNY5-7898",0,0,0,0,0,0,0,0,0,0,0,0,0,0,0,0,0,0
"RNY5-7910",0,0,0,0,0,0,0,0,0,0,0,0,0,0,0,0,0,0
"RNY5-7926",0,0,0,0,0,0,0,0,0,0,0,0,0,0,0,0,0,0
"RNY5-7936",0,0,0,0,0,0,0,0,0,0,0,0,0,0,0,0,0,0
"RNY5-7955",0,0,0,0,0,0,0,0,0,0,0,0,0,0,0,0,0,0
"RNY5-806",0,0,0,0,0,0,0,0,0,0,0,0,0,0,0,0,0,0
"RNY5-82",0,0,4,3,0,2,6,0,0,1,1,2,0,1,1,0,2,1
"RNY5-9086",0,0,0,0,0,0,0,0,0,0,0,0,0,0,0,0,0,0
"RNY5-975",0,0,0,0,0,0,0,0,0,0,0,0,0,0,0,0,0,0
